Product_ID,Product_Name,Category,Price,Brand,Manufacturer,Strength,Dosage_Form,Launch_Year,Expiry_Months,Active,GST_Pct
PRD0001,NovaMed_1,Pain Relief,1492.02,Nova,NovaCure Pharma,250mg,Tablet,2016,24,Y,12
PRD0002,NovaMed_2,Pain Relief,4765.29,LifePlus,NovaCure Pharma,250mg,Syrup,2016,24,N,12
PRD0003,NovaMed_3,Diabetes,7319.58,CureX,NovaCure Pharma,250mg,Tablet,2020,24,N,12
PRD0004,NovaMed_4,Respiratory,727.17,LifePlus,NovaCure Pharma,250mg,Capsule,2017,24,N,12
PRD0005,NovaMed_5,Diabetes,7986.44,Nova,NovaCure Pharma,250mg,Capsule,2020,24,Y,12
PRD0006,NovaMed_6,Respiratory,3395.91,Nova,NovaCure Pharma,250mg,Capsule,2022,24,Y,12
PRD0007,NovaMed_7,Cardiology,414.63,CureX,NovaCure Pharma,500mg,Tablet,2021,24,Y,12
PRD0008,NovaMed_8,Pain Relief,5659.09,CureX,NovaCure Pharma,500mg,Syrup,2018,24,Y,12
PRD0009,NovaMed_9,Respiratory,6276.21,Nova,NovaCure Pharma,20mg,Syrup,2025,24,Y,12
PRD0010,NovaMed_10,Pain Relief,6226.71,LifePlus,NovaCure Pharma,20mg,Capsule,2024,24,Y,12
PRD0011,NovaMed_11,Respiratory,6909.19,Nova,NovaCure Pharma,20mg,Capsule,2025,24,Y,12
PRD0012,NovaMed_12,Cardiology,3638.1,CureX,NovaCure Pharma,20mg,Tablet,2021,24,N,12
PRD0013,NovaMed_13,Oncology,241.28,CureX,NovaCure Pharma,20mg,Tablet,2025,24,Y,12
PRD0014,NovaMed_14,Oncology,2766.34,LifePlus,NovaCure Pharma,20mg,Capsule,2019,24,Y,12
PRD0015,NovaMed_15,Diabetes,4031.14,LifePlus,NovaCure Pharma,20mg,Syrup,2025,24,Y,12
PRD0016,NovaMed_16,Cardiology,5800.19,CureX,NovaCure Pharma,250mg,Tablet,2021,24,Y,12
PRD0017,NovaMed_17,Respiratory,4709.82,Nova,NovaCure Pharma,500mg,Syrup,2015,24,Y,12
PRD0018,NovaMed_18,Cardiology,4982.48,Nova,NovaCure Pharma,500mg,Syrup,2024,24,N,12
PRD0019,NovaMed_19,Pain Relief,1693.95,LifePlus,NovaCure Pharma,20mg,Syrup,2025,24,Y,12
PRD0020,NovaMed_20,Oncology,6797.75,LifePlus,NovaCure Pharma,250mg,Capsule,2024,24,N,12
PRD0021,NovaMed_21,Pain Relief,614.93,Nova,NovaCure Pharma,500mg,Capsule,2019,24,Y,12
PRD0022,NovaMed_22,Neurology,7028.75,CureX,NovaCure Pharma,250mg,Capsule,2016,24,N,12
PRD0023,NovaMed_23,Oncology,1586.98,CureX,NovaCure Pharma,250mg,Tablet,2021,24,Y,12
PRD0024,NovaMed_24,Respiratory,3970.95,LifePlus,NovaCure Pharma,500mg,Tablet,2022,24,Y,12
PRD0025,NovaMed_25,Respiratory,6730.74,CureX,NovaCure Pharma,500mg,Capsule,2019,24,N,12
PRD0026,NovaMed_26,Oncology,7920.16,LifePlus,NovaCure Pharma,250mg,Tablet,2015,24,N,12
PRD0027,NovaMed_27,Pain Relief,5499.45,LifePlus,NovaCure Pharma,500mg,Syrup,2025,24,N,12
PRD0028,NovaMed_28,Cardiology,877.98,CureX,NovaCure Pharma,500mg,Tablet,2016,24,N,12
PRD0029,NovaMed_29,Respiratory,3402.46,CureX,NovaCure Pharma,250mg,Tablet,2025,24,Y,12
PRD0030,NovaMed_30,Neurology,2993.03,LifePlus,NovaCure Pharma,500mg,Syrup,2022,24,N,12
PRD0031,NovaMed_31,Neurology,7005.33,Nova,NovaCure Pharma,500mg,Capsule,2019,24,N,12
PRD0032,NovaMed_32,Oncology,1151.93,CureX,NovaCure Pharma,500mg,Syrup,2015,24,Y,12
PRD0033,NovaMed_33,Respiratory,4704.82,CureX,NovaCure Pharma,20mg,Syrup,2024,24,Y,12
PRD0034,NovaMed_34,Cardiology,7025.48,LifePlus,NovaCure Pharma,250mg,Syrup,2015,24,Y,12
PRD0035,NovaMed_35,Neurology,4824.53,Nova,NovaCure Pharma,250mg,Capsule,2016,24,N,12
PRD0036,NovaMed_36,Cardiology,7326.77,Nova,NovaCure Pharma,250mg,Syrup,2023,24,Y,12
PRD0037,NovaMed_37,Oncology,7882.24,CureX,NovaCure Pharma,250mg,Capsule,2023,24,N,12
PRD0038,NovaMed_38,Diabetes,7406.59,CureX,NovaCure Pharma,20mg,Syrup,2024,24,N,12
PRD0039,NovaMed_39,Neurology,5348.34,Nova,NovaCure Pharma,250mg,Syrup,2024,24,N,12
PRD0040,NovaMed_40,Diabetes,3808.75,Nova,NovaCure Pharma,500mg,Capsule,2020,24,N,12
PRD0041,NovaMed_41,Diabetes,2779.21,Nova,NovaCure Pharma,20mg,Capsule,2020,24,N,12
PRD0042,NovaMed_42,Respiratory,2137.5,CureX,NovaCure Pharma,250mg,Capsule,2024,24,N,12
PRD0043,NovaMed_43,Diabetes,7240.27,LifePlus,NovaCure Pharma,500mg,Syrup,2021,24,N,12
PRD0044,NovaMed_44,Pain Relief,527.72,LifePlus,NovaCure Pharma,500mg,Capsule,2017,24,N,12
PRD0045,NovaMed_45,Neurology,3210.51,CureX,NovaCure Pharma,250mg,Capsule,2019,24,N,12
PRD0046,NovaMed_46,Pain Relief,7736.95,LifePlus,NovaCure Pharma,250mg,Capsule,2018,24,N,12
PRD0047,NovaMed_47,Oncology,6541.06,LifePlus,NovaCure Pharma,500mg,Capsule,2023,24,Y,12
PRD0048,NovaMed_48,Diabetes,843.47,CureX,NovaCure Pharma,20mg,Syrup,2019,24,Y,12
PRD0049,NovaMed_49,Neurology,4026.87,Nova,NovaCure Pharma,20mg,Tablet,2018,24,N,12
PRD0050,NovaMed_50,Diabetes,6307.67,CureX,NovaCure Pharma,500mg,Syrup,2022,24,N,12
PRD0051,NovaMed_51,Neurology,4184.21,CureX,NovaCure Pharma,500mg,Syrup,2017,24,Y,12
PRD0052,NovaMed_52,Oncology,7900.42,Nova,NovaCure Pharma,20mg,Capsule,2016,24,Y,12
PRD0053,NovaMed_53,Neurology,6523.18,Nova,NovaCure Pharma,500mg,Syrup,2015,24,Y,12
PRD0054,NovaMed_54,Oncology,4687.65,LifePlus,NovaCure Pharma,500mg,Tablet,2023,24,N,12
PRD0055,NovaMed_55,Neurology,1631.92,LifePlus,NovaCure Pharma,20mg,Tablet,2022,24,Y,12
PRD0056,NovaMed_56,Oncology,4426.68,LifePlus,NovaCure Pharma,500mg,Tablet,2023,24,N,12
PRD0057,NovaMed_57,Cardiology,801.52,Nova,NovaCure Pharma,500mg,Capsule,2019,24,Y,12
PRD0058,NovaMed_58,Neurology,2188.54,CureX,NovaCure Pharma,20mg,Capsule,2023,24,Y,12
PRD0059,NovaMed_59,Respiratory,3685.1,LifePlus,NovaCure Pharma,250mg,Tablet,2016,24,N,12
PRD0060,NovaMed_60,Cardiology,7879.76,LifePlus,NovaCure Pharma,20mg,Capsule,2024,24,N,12
PRD0061,NovaMed_61,Diabetes,5494.5,CureX,NovaCure Pharma,250mg,Tablet,2025,24,Y,12
PRD0062,NovaMed_62,Pain Relief,5476.27,LifePlus,NovaCure Pharma,250mg,Tablet,2018,24,Y,12
PRD0063,NovaMed_63,Diabetes,1355.44,CureX,NovaCure Pharma,250mg,Syrup,2015,24,Y,12
PRD0064,NovaMed_64,Pain Relief,2183.38,CureX,NovaCure Pharma,250mg,Tablet,2017,24,N,12
PRD0065,NovaMed_65,Oncology,6529.77,LifePlus,NovaCure Pharma,250mg,Syrup,2017,24,Y,12
PRD0066,NovaMed_66,Cardiology,6014.79,Nova,NovaCure Pharma,250mg,Tablet,2019,24,N,12
PRD0067,NovaMed_67,Respiratory,3301.1,Nova,NovaCure Pharma,20mg,Tablet,2023,24,Y,12
PRD0068,NovaMed_68,Diabetes,6478.08,CureX,NovaCure Pharma,500mg,Syrup,2020,24,N,12
PRD0069,NovaMed_69,Pain Relief,4174.03,LifePlus,NovaCure Pharma,20mg,Capsule,2024,24,N,12
PRD0070,NovaMed_70,Respiratory,1425.98,LifePlus,NovaCure Pharma,250mg,Syrup,2022,24,Y,12
PRD0071,NovaMed_71,Cardiology,276.86,CureX,NovaCure Pharma,20mg,Capsule,2021,24,Y,12
PRD0072,NovaMed_72,Diabetes,5300.65,Nova,NovaCure Pharma,250mg,Capsule,2019,24,N,12
PRD0073,NovaMed_73,Oncology,4925.01,CureX,NovaCure Pharma,250mg,Syrup,2024,24,Y,12
PRD0074,NovaMed_74,Oncology,7850.32,LifePlus,NovaCure Pharma,20mg,Tablet,2016,24,Y,12
PRD0075,NovaMed_75,Cardiology,197.48,CureX,NovaCure Pharma,20mg,Capsule,2017,24,N,12
PRD0076,NovaMed_76,Neurology,5867.46,CureX,NovaCure Pharma,500mg,Capsule,2017,24,N,12
PRD0077,NovaMed_77,Neurology,5743.14,Nova,NovaCure Pharma,500mg,Capsule,2020,24,Y,12
PRD0078,NovaMed_78,Oncology,1142.27,LifePlus,NovaCure Pharma,250mg,Syrup,2025,24,N,12
PRD0079,NovaMed_79,Neurology,5789.86,Nova,NovaCure Pharma,250mg,Syrup,2016,24,N,12
PRD0080,NovaMed_80,Pain Relief,1302.39,LifePlus,NovaCure Pharma,250mg,Capsule,2024,24,N,12
PRD0081,NovaMed_81,Pain Relief,1305.69,LifePlus,NovaCure Pharma,250mg,Capsule,2015,24,Y,12
PRD0082,NovaMed_82,Pain Relief,5996.77,LifePlus,NovaCure Pharma,20mg,Syrup,2025,24,Y,12
PRD0083,NovaMed_83,Pain Relief,1157.4,Nova,NovaCure Pharma,250mg,Syrup,2022,24,Y,12
PRD0084,NovaMed_84,Neurology,1372.05,Nova,NovaCure Pharma,500mg,Tablet,2021,24,Y,12
PRD0085,NovaMed_85,Respiratory,1851.5,Nova,NovaCure Pharma,500mg,Tablet,2020,24,Y,12
PRD0086,NovaMed_86,Diabetes,3779.25,Nova,NovaCure Pharma,500mg,Capsule,2015,24,N,12
PRD0087,NovaMed_87,Oncology,7825.92,CureX,NovaCure Pharma,250mg,Tablet,2022,24,N,12
PRD0088,NovaMed_88,Diabetes,6290.98,CureX,NovaCure Pharma,500mg,Capsule,2017,24,N,12
PRD0089,NovaMed_89,Pain Relief,5487.01,CureX,NovaCure Pharma,250mg,Capsule,2019,24,Y,12
PRD0090,NovaMed_90,Neurology,4783.81,LifePlus,NovaCure Pharma,20mg,Tablet,2024,24,N,12
PRD0091,NovaMed_91,Cardiology,5617.82,Nova,NovaCure Pharma,20mg,Capsule,2021,24,N,12
PRD0092,NovaMed_92,Respiratory,429.89,Nova,NovaCure Pharma,250mg,Syrup,2024,24,Y,12
PRD0093,NovaMed_93,Diabetes,556.93,Nova,NovaCure Pharma,250mg,Capsule,2020,24,Y,12
PRD0094,NovaMed_94,Oncology,7992.1,LifePlus,NovaCure Pharma,250mg,Tablet,2017,24,Y,12
PRD0095,NovaMed_95,Respiratory,1031.08,Nova,NovaCure Pharma,20mg,Capsule,2020,24,N,12
PRD0096,NovaMed_96,Oncology,7887.08,LifePlus,NovaCure Pharma,20mg,Syrup,2019,24,Y,12
PRD0097,NovaMed_97,Neurology,4736.6,LifePlus,NovaCure Pharma,20mg,Syrup,2022,24,N,12
PRD0098,NovaMed_98,Oncology,4474.36,Nova,NovaCure Pharma,20mg,Tablet,2018,24,N,12
PRD0099,NovaMed_99,Pain Relief,166.99,Nova,NovaCure Pharma,20mg,Tablet,2015,24,N,12
PRD0100,NovaMed_100,Oncology,1047.36,CureX,NovaCure Pharma,500mg,Syrup,2018,24,N,12
PRD0101,NovaMed_101,Cardiology,1034.19,Nova,NovaCure Pharma,20mg,Tablet,2017,24,N,12
PRD0102,NovaMed_102,Diabetes,7287.39,CureX,NovaCure Pharma,500mg,Capsule,2018,24,Y,12
PRD0103,NovaMed_103,Cardiology,512.06,Nova,NovaCure Pharma,20mg,Capsule,2020,24,Y,12
PRD0104,NovaMed_104,Pain Relief,913.56,LifePlus,NovaCure Pharma,500mg,Capsule,2024,24,Y,12
PRD0105,NovaMed_105,Diabetes,1909.73,CureX,NovaCure Pharma,250mg,Capsule,2024,24,Y,12
PRD0106,NovaMed_106,Cardiology,5031.66,CureX,NovaCure Pharma,500mg,Syrup,2015,24,N,12
PRD0107,NovaMed_107,Diabetes,2795.92,LifePlus,NovaCure Pharma,500mg,Syrup,2021,24,Y,12
PRD0108,NovaMed_108,Oncology,1489.98,Nova,NovaCure Pharma,20mg,Tablet,2017,24,Y,12
PRD0109,NovaMed_109,Diabetes,4764.72,LifePlus,NovaCure Pharma,20mg,Tablet,2021,24,Y,12
PRD0110,NovaMed_110,Respiratory,7118.45,LifePlus,NovaCure Pharma,250mg,Tablet,2017,24,N,12
PRD0111,NovaMed_111,Cardiology,3541.72,Nova,NovaCure Pharma,500mg,Syrup,2022,24,N,12
PRD0112,NovaMed_112,Neurology,7570.37,Nova,NovaCure Pharma,20mg,Tablet,2022,24,Y,12
PRD0113,NovaMed_113,Respiratory,7899.65,CureX,NovaCure Pharma,20mg,Tablet,2015,24,N,12
PRD0114,NovaMed_114,Cardiology,3807.23,CureX,NovaCure Pharma,20mg,Syrup,2024,24,Y,12
PRD0115,NovaMed_115,Cardiology,7532.83,LifePlus,NovaCure Pharma,500mg,Capsule,2025,24,N,12
PRD0116,NovaMed_116,Diabetes,6448.34,CureX,NovaCure Pharma,250mg,Capsule,2018,24,Y,12
PRD0117,NovaMed_117,Diabetes,7329.51,Nova,NovaCure Pharma,500mg,Syrup,2025,24,N,12
PRD0118,NovaMed_118,Oncology,3215.66,CureX,NovaCure Pharma,500mg,Syrup,2021,24,N,12
PRD0119,NovaMed_119,Respiratory,340.15,CureX,NovaCure Pharma,500mg,Capsule,2024,24,N,12
PRD0120,NovaMed_120,Diabetes,4129.96,CureX,NovaCure Pharma,250mg,Capsule,2018,24,Y,12
PRD0121,NovaMed_121,Diabetes,836.42,CureX,NovaCure Pharma,20mg,Syrup,2025,24,Y,12
PRD0122,NovaMed_122,Respiratory,6855.0,Nova,NovaCure Pharma,20mg,Tablet,2016,24,N,12
PRD0123,NovaMed_123,Neurology,3270.27,CureX,NovaCure Pharma,250mg,Capsule,2024,24,Y,12
PRD0124,NovaMed_124,Neurology,944.84,Nova,NovaCure Pharma,500mg,Capsule,2015,24,Y,12
PRD0125,NovaMed_125,Respiratory,823.0,CureX,NovaCure Pharma,20mg,Capsule,2021,24,N,12
PRD0126,NovaMed_126,Cardiology,4266.58,CureX,NovaCure Pharma,500mg,Capsule,2023,24,Y,12
PRD0127,NovaMed_127,Diabetes,2816.12,Nova,NovaCure Pharma,500mg,Capsule,2020,24,N,12
PRD0128,NovaMed_128,Oncology,562.14,LifePlus,NovaCure Pharma,500mg,Capsule,2015,24,Y,12
PRD0129,NovaMed_129,Diabetes,411.53,Nova,NovaCure Pharma,20mg,Capsule,2015,24,Y,12
PRD0130,NovaMed_130,Neurology,1398.33,Nova,NovaCure Pharma,20mg,Tablet,2016,24,N,12
PRD0131,NovaMed_131,Pain Relief,1769.11,Nova,NovaCure Pharma,250mg,Tablet,2022,24,Y,12
PRD0132,NovaMed_132,Pain Relief,3284.4,CureX,NovaCure Pharma,250mg,Tablet,2019,24,N,12
PRD0133,NovaMed_133,Pain Relief,6114.06,Nova,NovaCure Pharma,20mg,Capsule,2024,24,Y,12
PRD0134,NovaMed_134,Respiratory,4673.4,LifePlus,NovaCure Pharma,500mg,Capsule,2019,24,N,12
PRD0135,NovaMed_135,Oncology,4843.2,LifePlus,NovaCure Pharma,20mg,Syrup,2019,24,Y,12
PRD0136,NovaMed_136,Oncology,2728.37,LifePlus,NovaCure Pharma,20mg,Syrup,2021,24,N,12
PRD0137,NovaMed_137,Respiratory,2140.38,CureX,NovaCure Pharma,20mg,Tablet,2023,24,Y,12
PRD0138,NovaMed_138,Diabetes,1081.61,CureX,NovaCure Pharma,250mg,Capsule,2018,24,Y,12
PRD0139,NovaMed_139,Pain Relief,2421.32,LifePlus,NovaCure Pharma,20mg,Capsule,2018,24,N,12
PRD0140,NovaMed_140,Pain Relief,3211.81,CureX,NovaCure Pharma,20mg,Syrup,2015,24,Y,12
PRD0141,NovaMed_141,Cardiology,2602.57,LifePlus,NovaCure Pharma,20mg,Capsule,2019,24,Y,12
PRD0142,NovaMed_142,Oncology,2618.89,CureX,NovaCure Pharma,500mg,Tablet,2025,24,N,12
PRD0143,NovaMed_143,Cardiology,600.57,LifePlus,NovaCure Pharma,250mg,Capsule,2023,24,N,12
PRD0144,NovaMed_144,Neurology,6962.91,CureX,NovaCure Pharma,20mg,Capsule,2019,24,N,12
PRD0145,NovaMed_145,Diabetes,5989.63,Nova,NovaCure Pharma,250mg,Syrup,2020,24,Y,12
PRD0146,NovaMed_146,Neurology,1023.9,CureX,NovaCure Pharma,250mg,Syrup,2025,24,Y,12
PRD0147,NovaMed_147,Diabetes,5865.87,LifePlus,NovaCure Pharma,500mg,Capsule,2017,24,Y,12
PRD0148,NovaMed_148,Diabetes,7848.55,Nova,NovaCure Pharma,20mg,Tablet,2018,24,N,12
PRD0149,NovaMed_149,Pain Relief,498.19,CureX,NovaCure Pharma,250mg,Tablet,2024,24,Y,12
PRD0150,NovaMed_150,Oncology,1613.95,LifePlus,NovaCure Pharma,250mg,Tablet,2018,24,Y,12
PRD0151,NovaMed_151,Diabetes,7059.77,LifePlus,NovaCure Pharma,500mg,Tablet,2025,24,Y,12
PRD0152,NovaMed_152,Cardiology,3917.37,LifePlus,NovaCure Pharma,250mg,Tablet,2016,24,Y,12
PRD0153,NovaMed_153,Oncology,642.66,Nova,NovaCure Pharma,500mg,Tablet,2020,24,N,12
PRD0154,NovaMed_154,Cardiology,5763.75,CureX,NovaCure Pharma,500mg,Capsule,2022,24,N,12
PRD0155,NovaMed_155,Neurology,7017.35,LifePlus,NovaCure Pharma,250mg,Capsule,2016,24,N,12
PRD0156,NovaMed_156,Respiratory,3838.36,Nova,NovaCure Pharma,250mg,Syrup,2018,24,Y,12
PRD0157,NovaMed_157,Neurology,7676.41,Nova,NovaCure Pharma,500mg,Capsule,2019,24,Y,12
PRD0158,NovaMed_158,Neurology,1061.53,CureX,NovaCure Pharma,500mg,Syrup,2025,24,Y,12
PRD0159,NovaMed_159,Diabetes,6118.58,LifePlus,NovaCure Pharma,500mg,Tablet,2024,24,N,12
PRD0160,NovaMed_160,Oncology,6886.28,LifePlus,NovaCure Pharma,250mg,Tablet,2020,24,Y,12
PRD0161,NovaMed_161,Cardiology,1873.33,LifePlus,NovaCure Pharma,250mg,Capsule,2021,24,Y,12
PRD0162,NovaMed_162,Respiratory,5068.68,Nova,NovaCure Pharma,250mg,Tablet,2015,24,N,12
PRD0163,NovaMed_163,Respiratory,655.84,LifePlus,NovaCure Pharma,250mg,Capsule,2021,24,N,12
PRD0164,NovaMed_164,Diabetes,2763.1,CureX,NovaCure Pharma,20mg,Capsule,2024,24,N,12
PRD0165,NovaMed_165,Diabetes,2987.92,LifePlus,NovaCure Pharma,250mg,Tablet,2021,24,N,12
PRD0166,NovaMed_166,Oncology,4788.56,LifePlus,NovaCure Pharma,20mg,Tablet,2018,24,Y,12
PRD0167,NovaMed_167,Diabetes,4484.95,Nova,NovaCure Pharma,250mg,Syrup,2017,24,N,12
PRD0168,NovaMed_168,Pain Relief,3298.8,CureX,NovaCure Pharma,500mg,Tablet,2022,24,Y,12
PRD0169,NovaMed_169,Pain Relief,4399.3,Nova,NovaCure Pharma,250mg,Capsule,2025,24,N,12
PRD0170,NovaMed_170,Diabetes,6196.6,CureX,NovaCure Pharma,20mg,Syrup,2015,24,Y,12
PRD0171,NovaMed_171,Diabetes,2652.26,Nova,NovaCure Pharma,20mg,Syrup,2021,24,N,12
PRD0172,NovaMed_172,Pain Relief,1804.36,LifePlus,NovaCure Pharma,250mg,Capsule,2020,24,Y,12
PRD0173,NovaMed_173,Pain Relief,3144.34,CureX,NovaCure Pharma,500mg,Tablet,2015,24,Y,12
PRD0174,NovaMed_174,Respiratory,410.97,LifePlus,NovaCure Pharma,500mg,Syrup,2019,24,Y,12
PRD0175,NovaMed_175,Oncology,7352.24,Nova,NovaCure Pharma,250mg,Tablet,2023,24,Y,12
PRD0176,NovaMed_176,Cardiology,7468.95,CureX,NovaCure Pharma,20mg,Tablet,2022,24,Y,12
PRD0177,NovaMed_177,Respiratory,1225.87,CureX,NovaCure Pharma,20mg,Capsule,2021,24,Y,12
PRD0178,NovaMed_178,Diabetes,2858.42,CureX,NovaCure Pharma,500mg,Syrup,2019,24,Y,12
PRD0179,NovaMed_179,Oncology,1319.41,CureX,NovaCure Pharma,500mg,Capsule,2016,24,N,12
PRD0180,NovaMed_180,Diabetes,2887.54,CureX,NovaCure Pharma,20mg,Syrup,2020,24,N,12
PRD0181,NovaMed_181,Respiratory,1334.17,LifePlus,NovaCure Pharma,20mg,Syrup,2025,24,N,12
PRD0182,NovaMed_182,Respiratory,2993.62,Nova,NovaCure Pharma,250mg,Syrup,2022,24,Y,12
PRD0183,NovaMed_183,Respiratory,5766.22,LifePlus,NovaCure Pharma,20mg,Capsule,2020,24,Y,12
PRD0184,NovaMed_184,Neurology,746.41,Nova,NovaCure Pharma,20mg,Syrup,2018,24,Y,12
PRD0185,NovaMed_185,Diabetes,4291.72,CureX,NovaCure Pharma,500mg,Syrup,2023,24,N,12
PRD0186,NovaMed_186,Pain Relief,1166.6,Nova,NovaCure Pharma,250mg,Capsule,2017,24,N,12
PRD0187,NovaMed_187,Oncology,5241.65,Nova,NovaCure Pharma,500mg,Capsule,2017,24,Y,12
PRD0188,NovaMed_188,Respiratory,6583.34,Nova,NovaCure Pharma,500mg,Tablet,2021,24,Y,12
PRD0189,NovaMed_189,Pain Relief,6477.25,CureX,NovaCure Pharma,250mg,Syrup,2024,24,N,12
PRD0190,NovaMed_190,Diabetes,7887.49,Nova,NovaCure Pharma,500mg,Tablet,2015,24,N,12
PRD0191,NovaMed_191,Pain Relief,2368.01,CureX,NovaCure Pharma,250mg,Capsule,2018,24,Y,12
PRD0192,NovaMed_192,Oncology,4573.81,Nova,NovaCure Pharma,500mg,Tablet,2019,24,Y,12
PRD0193,NovaMed_193,Respiratory,6899.1,LifePlus,NovaCure Pharma,250mg,Syrup,2016,24,Y,12
PRD0194,NovaMed_194,Respiratory,1135.38,Nova,NovaCure Pharma,20mg,Syrup,2021,24,Y,12
PRD0195,NovaMed_195,Cardiology,1776.04,CureX,NovaCure Pharma,500mg,Capsule,2021,24,N,12
PRD0196,NovaMed_196,Respiratory,4112.09,LifePlus,NovaCure Pharma,250mg,Capsule,2020,24,N,12
PRD0197,NovaMed_197,Pain Relief,5920.11,LifePlus,NovaCure Pharma,20mg,Capsule,2023,24,Y,12
PRD0198,NovaMed_198,Neurology,601.22,Nova,NovaCure Pharma,500mg,Capsule,2019,24,Y,12
PRD0199,NovaMed_199,Cardiology,1878.63,CureX,NovaCure Pharma,250mg,Syrup,2015,24,Y,12
PRD0200,NovaMed_200,Neurology,6412.77,Nova,NovaCure Pharma,20mg,Syrup,2025,24,Y,12
PRD0201,NovaMed_201,Respiratory,5878.21,Nova,NovaCure Pharma,500mg,Tablet,2015,24,N,12
PRD0202,NovaMed_202,Cardiology,7242.84,Nova,NovaCure Pharma,20mg,Syrup,2020,24,Y,12
PRD0203,NovaMed_203,Respiratory,1115.51,Nova,NovaCure Pharma,250mg,Syrup,2021,24,Y,12
PRD0204,NovaMed_204,Cardiology,1465.81,Nova,NovaCure Pharma,250mg,Syrup,2021,24,Y,12
PRD0205,NovaMed_205,Neurology,1791.5,Nova,NovaCure Pharma,20mg,Tablet,2015,24,Y,12
PRD0206,NovaMed_206,Pain Relief,6494.39,Nova,NovaCure Pharma,250mg,Syrup,2019,24,Y,12
PRD0207,NovaMed_207,Diabetes,4215.27,Nova,NovaCure Pharma,250mg,Tablet,2018,24,N,12
PRD0208,NovaMed_208,Diabetes,5344.5,Nova,NovaCure Pharma,20mg,Tablet,2018,24,Y,12
PRD0209,NovaMed_209,Respiratory,3069.93,LifePlus,NovaCure Pharma,500mg,Capsule,2017,24,N,12
PRD0210,NovaMed_210,Oncology,3952.24,CureX,NovaCure Pharma,500mg,Capsule,2016,24,N,12
PRD0211,NovaMed_211,Oncology,7204.21,LifePlus,NovaCure Pharma,500mg,Capsule,2024,24,Y,12
PRD0212,NovaMed_212,Diabetes,6335.53,Nova,NovaCure Pharma,500mg,Capsule,2019,24,N,12
PRD0213,NovaMed_213,Cardiology,3755.19,LifePlus,NovaCure Pharma,500mg,Capsule,2018,24,Y,12
PRD0214,NovaMed_214,Diabetes,3213.62,Nova,NovaCure Pharma,20mg,Tablet,2016,24,Y,12
PRD0215,NovaMed_215,Cardiology,2369.79,CureX,NovaCure Pharma,500mg,Tablet,2024,24,N,12
PRD0216,NovaMed_216,Respiratory,174.51,CureX,NovaCure Pharma,20mg,Syrup,2015,24,Y,12
PRD0217,NovaMed_217,Oncology,2495.01,CureX,NovaCure Pharma,20mg,Capsule,2016,24,Y,12
PRD0218,NovaMed_218,Respiratory,1437.33,CureX,NovaCure Pharma,20mg,Syrup,2022,24,N,12
PRD0219,NovaMed_219,Cardiology,6757.31,CureX,NovaCure Pharma,500mg,Syrup,2020,24,N,12
PRD0220,NovaMed_220,Diabetes,4195.32,CureX,NovaCure Pharma,20mg,Tablet,2016,24,Y,12
PRD0221,NovaMed_221,Oncology,2654.19,LifePlus,NovaCure Pharma,20mg,Syrup,2024,24,Y,12
PRD0222,NovaMed_222,Respiratory,5460.38,CureX,NovaCure Pharma,20mg,Capsule,2021,24,Y,12
PRD0223,NovaMed_223,Oncology,2107.21,CureX,NovaCure Pharma,500mg,Tablet,2024,24,N,12
PRD0224,NovaMed_224,Neurology,6070.01,Nova,NovaCure Pharma,250mg,Syrup,2020,24,Y,12
PRD0225,NovaMed_225,Cardiology,3489.21,CureX,NovaCure Pharma,20mg,Tablet,2019,24,N,12
PRD0226,NovaMed_226,Diabetes,6689.46,CureX,NovaCure Pharma,20mg,Syrup,2023,24,Y,12
PRD0227,NovaMed_227,Neurology,637.88,LifePlus,NovaCure Pharma,20mg,Capsule,2023,24,Y,12
PRD0228,NovaMed_228,Cardiology,5665.77,LifePlus,NovaCure Pharma,250mg,Tablet,2019,24,N,12
PRD0229,NovaMed_229,Cardiology,4944.1,CureX,NovaCure Pharma,250mg,Tablet,2020,24,Y,12
PRD0230,NovaMed_230,Cardiology,7192.36,LifePlus,NovaCure Pharma,20mg,Tablet,2022,24,N,12
PRD0231,NovaMed_231,Respiratory,5054.27,CureX,NovaCure Pharma,500mg,Tablet,2024,24,N,12
PRD0232,NovaMed_232,Neurology,3962.6,Nova,NovaCure Pharma,500mg,Capsule,2019,24,N,12
PRD0233,NovaMed_233,Neurology,2100.48,LifePlus,NovaCure Pharma,20mg,Tablet,2023,24,Y,12
PRD0234,NovaMed_234,Diabetes,5090.71,LifePlus,NovaCure Pharma,250mg,Capsule,2018,24,Y,12
PRD0235,NovaMed_235,Neurology,3279.02,Nova,NovaCure Pharma,500mg,Syrup,2015,24,Y,12
PRD0236,NovaMed_236,Cardiology,392.87,LifePlus,NovaCure Pharma,250mg,Syrup,2020,24,N,12
PRD0237,NovaMed_237,Diabetes,6654.36,CureX,NovaCure Pharma,20mg,Capsule,2023,24,N,12
PRD0238,NovaMed_238,Neurology,7370.57,CureX,NovaCure Pharma,500mg,Capsule,2016,24,Y,12
PRD0239,NovaMed_239,Oncology,3778.89,LifePlus,NovaCure Pharma,20mg,Syrup,2015,24,Y,12
PRD0240,NovaMed_240,Oncology,1853.39,LifePlus,NovaCure Pharma,500mg,Capsule,2018,24,Y,12
PRD0241,NovaMed_241,Neurology,1882.26,LifePlus,NovaCure Pharma,20mg,Tablet,2018,24,Y,12
PRD0242,NovaMed_242,Diabetes,5816.49,CureX,NovaCure Pharma,20mg,Syrup,2015,24,N,12
PRD0243,NovaMed_243,Diabetes,5320.89,Nova,NovaCure Pharma,250mg,Tablet,2020,24,Y,12
PRD0244,NovaMed_244,Pain Relief,2777.01,LifePlus,NovaCure Pharma,500mg,Capsule,2017,24,Y,12
PRD0245,NovaMed_245,Diabetes,2334.39,CureX,NovaCure Pharma,20mg,Tablet,2018,24,N,12
PRD0246,NovaMed_246,Cardiology,3201.14,LifePlus,NovaCure Pharma,250mg,Syrup,2018,24,Y,12
PRD0247,NovaMed_247,Pain Relief,7592.03,LifePlus,NovaCure Pharma,500mg,Tablet,2019,24,N,12
PRD0248,NovaMed_248,Oncology,165.11,Nova,NovaCure Pharma,250mg,Capsule,2016,24,N,12
PRD0249,NovaMed_249,Oncology,3351.61,Nova,NovaCure Pharma,20mg,Tablet,2015,24,N,12
PRD0250,NovaMed_250,Pain Relief,2755.1,CureX,NovaCure Pharma,500mg,Syrup,2016,24,N,12
PRD0251,NovaMed_251,Neurology,2178.42,Nova,NovaCure Pharma,250mg,Capsule,2018,24,Y,12
PRD0252,NovaMed_252,Pain Relief,1822.68,LifePlus,NovaCure Pharma,500mg,Tablet,2015,24,N,12
PRD0253,NovaMed_253,Respiratory,1690.37,LifePlus,NovaCure Pharma,500mg,Tablet,2017,24,N,12
PRD0254,NovaMed_254,Oncology,3767.63,CureX,NovaCure Pharma,20mg,Tablet,2025,24,N,12
PRD0255,NovaMed_255,Pain Relief,6318.76,LifePlus,NovaCure Pharma,500mg,Syrup,2018,24,N,12
PRD0256,NovaMed_256,Respiratory,5410.88,LifePlus,NovaCure Pharma,500mg,Syrup,2024,24,Y,12
PRD0257,NovaMed_257,Cardiology,1400.18,CureX,NovaCure Pharma,500mg,Tablet,2017,24,Y,12
PRD0258,NovaMed_258,Pain Relief,4386.79,LifePlus,NovaCure Pharma,250mg,Tablet,2021,24,Y,12
PRD0259,NovaMed_259,Neurology,3914.48,LifePlus,NovaCure Pharma,500mg,Tablet,2020,24,Y,12
PRD0260,NovaMed_260,Cardiology,945.42,LifePlus,NovaCure Pharma,500mg,Syrup,2025,24,Y,12
PRD0261,NovaMed_261,Cardiology,5020.91,CureX,NovaCure Pharma,20mg,Capsule,2022,24,N,12
PRD0262,NovaMed_262,Neurology,7382.77,Nova,NovaCure Pharma,20mg,Tablet,2023,24,N,12
PRD0263,NovaMed_263,Respiratory,3258.13,CureX,NovaCure Pharma,250mg,Tablet,2022,24,Y,12
PRD0264,NovaMed_264,Cardiology,2096.59,Nova,NovaCure Pharma,500mg,Syrup,2015,24,Y,12
PRD0265,NovaMed_265,Diabetes,3244.19,LifePlus,NovaCure Pharma,20mg,Syrup,2022,24,Y,12
PRD0266,NovaMed_266,Respiratory,4814.95,Nova,NovaCure Pharma,500mg,Tablet,2019,24,N,12
PRD0267,NovaMed_267,Diabetes,6468.72,CureX,NovaCure Pharma,20mg,Capsule,2019,24,N,12
PRD0268,NovaMed_268,Pain Relief,435.05,LifePlus,NovaCure Pharma,250mg,Capsule,2024,24,Y,12
PRD0269,NovaMed_269,Pain Relief,2012.95,CureX,NovaCure Pharma,500mg,Tablet,2025,24,N,12
PRD0270,NovaMed_270,Cardiology,1494.06,Nova,NovaCure Pharma,500mg,Syrup,2016,24,N,12
PRD0271,NovaMed_271,Pain Relief,2561.95,CureX,NovaCure Pharma,20mg,Tablet,2018,24,Y,12
PRD0272,NovaMed_272,Respiratory,4352.0,CureX,NovaCure Pharma,20mg,Capsule,2019,24,N,12
PRD0273,NovaMed_273,Pain Relief,6569.94,CureX,NovaCure Pharma,20mg,Capsule,2016,24,Y,12
PRD0274,NovaMed_274,Neurology,7352.03,LifePlus,NovaCure Pharma,250mg,Syrup,2015,24,Y,12
PRD0275,NovaMed_275,Diabetes,6625.35,LifePlus,NovaCure Pharma,250mg,Capsule,2022,24,Y,12
PRD0276,NovaMed_276,Oncology,3160.76,CureX,NovaCure Pharma,250mg,Capsule,2023,24,Y,12
PRD0277,NovaMed_277,Cardiology,5449.11,LifePlus,NovaCure Pharma,500mg,Syrup,2025,24,Y,12
PRD0278,NovaMed_278,Respiratory,112.69,Nova,NovaCure Pharma,20mg,Syrup,2022,24,Y,12
PRD0279,NovaMed_279,Pain Relief,2765.11,LifePlus,NovaCure Pharma,250mg,Tablet,2023,24,Y,12
PRD0280,NovaMed_280,Pain Relief,4070.26,CureX,NovaCure Pharma,500mg,Capsule,2025,24,N,12
PRD0281,NovaMed_281,Oncology,7551.46,LifePlus,NovaCure Pharma,250mg,Capsule,2020,24,Y,12
PRD0282,NovaMed_282,Cardiology,2883.07,LifePlus,NovaCure Pharma,20mg,Capsule,2024,24,Y,12
PRD0283,NovaMed_283,Neurology,3319.63,CureX,NovaCure Pharma,500mg,Tablet,2016,24,Y,12
PRD0284,NovaMed_284,Respiratory,2472.21,CureX,NovaCure Pharma,250mg,Capsule,2025,24,N,12
PRD0285,NovaMed_285,Pain Relief,540.33,LifePlus,NovaCure Pharma,250mg,Capsule,2025,24,Y,12
PRD0286,NovaMed_286,Oncology,4532.92,CureX,NovaCure Pharma,500mg,Syrup,2023,24,N,12
PRD0287,NovaMed_287,Respiratory,1465.55,Nova,NovaCure Pharma,250mg,Capsule,2025,24,N,12
PRD0288,NovaMed_288,Respiratory,5318.41,Nova,NovaCure Pharma,250mg,Capsule,2016,24,Y,12
PRD0289,NovaMed_289,Pain Relief,7126.89,Nova,NovaCure Pharma,20mg,Syrup,2023,24,Y,12
PRD0290,NovaMed_290,Neurology,4615.36,Nova,NovaCure Pharma,20mg,Tablet,2016,24,Y,12
PRD0291,NovaMed_291,Diabetes,1433.71,Nova,NovaCure Pharma,500mg,Tablet,2024,24,N,12
PRD0292,NovaMed_292,Diabetes,1511.09,CureX,NovaCure Pharma,500mg,Syrup,2025,24,N,12
PRD0293,NovaMed_293,Neurology,4679.31,LifePlus,NovaCure Pharma,20mg,Syrup,2016,24,Y,12
PRD0294,NovaMed_294,Oncology,4299.27,LifePlus,NovaCure Pharma,500mg,Syrup,2016,24,N,12
PRD0295,NovaMed_295,Oncology,3576.82,Nova,NovaCure Pharma,500mg,Capsule,2020,24,N,12
PRD0296,NovaMed_296,Neurology,4623.32,LifePlus,NovaCure Pharma,250mg,Tablet,2020,24,N,12
PRD0297,NovaMed_297,Respiratory,2046.37,Nova,NovaCure Pharma,20mg,Tablet,2021,24,N,12
PRD0298,NovaMed_298,Respiratory,7301.95,Nova,NovaCure Pharma,250mg,Tablet,2018,24,Y,12
PRD0299,NovaMed_299,Cardiology,5766.58,CureX,NovaCure Pharma,500mg,Capsule,2020,24,Y,12
PRD0300,NovaMed_300,Diabetes,4022.5,CureX,NovaCure Pharma,250mg,Tablet,2025,24,N,12
PRD0301,NovaMed_301,Cardiology,970.18,Nova,NovaCure Pharma,250mg,Syrup,2024,24,N,12
PRD0302,NovaMed_302,Respiratory,285.56,CureX,NovaCure Pharma,500mg,Syrup,2016,24,Y,12
PRD0303,NovaMed_303,Cardiology,4584.34,LifePlus,NovaCure Pharma,20mg,Capsule,2020,24,Y,12
PRD0304,NovaMed_304,Pain Relief,4820.27,CureX,NovaCure Pharma,20mg,Tablet,2017,24,N,12
PRD0305,NovaMed_305,Respiratory,4038.26,Nova,NovaCure Pharma,20mg,Tablet,2019,24,N,12
PRD0306,NovaMed_306,Oncology,5379.15,Nova,NovaCure Pharma,250mg,Syrup,2023,24,N,12
PRD0307,NovaMed_307,Respiratory,313.24,CureX,NovaCure Pharma,250mg,Syrup,2018,24,N,12
PRD0308,NovaMed_308,Respiratory,6076.34,CureX,NovaCure Pharma,250mg,Tablet,2016,24,N,12
PRD0309,NovaMed_309,Oncology,6512.96,LifePlus,NovaCure Pharma,500mg,Tablet,2021,24,Y,12
PRD0310,NovaMed_310,Oncology,1403.64,LifePlus,NovaCure Pharma,500mg,Capsule,2018,24,Y,12
PRD0311,NovaMed_311,Cardiology,178.69,LifePlus,NovaCure Pharma,20mg,Syrup,2018,24,Y,12
PRD0312,NovaMed_312,Pain Relief,3986.46,LifePlus,NovaCure Pharma,20mg,Capsule,2023,24,Y,12
PRD0313,NovaMed_313,Cardiology,7542.73,Nova,NovaCure Pharma,500mg,Syrup,2015,24,Y,12
PRD0314,NovaMed_314,Cardiology,5057.42,Nova,NovaCure Pharma,500mg,Capsule,2016,24,N,12
PRD0315,NovaMed_315,Cardiology,6442.32,CureX,NovaCure Pharma,500mg,Tablet,2019,24,N,12
PRD0316,NovaMed_316,Respiratory,7676.79,CureX,NovaCure Pharma,20mg,Capsule,2025,24,Y,12
PRD0317,NovaMed_317,Diabetes,1226.66,CureX,NovaCure Pharma,250mg,Syrup,2016,24,N,12
PRD0318,NovaMed_318,Pain Relief,4972.67,Nova,NovaCure Pharma,500mg,Syrup,2016,24,Y,12
PRD0319,NovaMed_319,Neurology,2148.25,Nova,NovaCure Pharma,250mg,Syrup,2019,24,N,12
PRD0320,NovaMed_320,Cardiology,1555.48,Nova,NovaCure Pharma,250mg,Tablet,2019,24,N,12
PRD0321,NovaMed_321,Respiratory,4026.25,Nova,NovaCure Pharma,500mg,Syrup,2016,24,Y,12
PRD0322,NovaMed_322,Cardiology,1215.99,CureX,NovaCure Pharma,500mg,Capsule,2018,24,Y,12
PRD0323,NovaMed_323,Pain Relief,5639.51,Nova,NovaCure Pharma,20mg,Syrup,2025,24,N,12
PRD0324,NovaMed_324,Pain Relief,5895.57,CureX,NovaCure Pharma,250mg,Capsule,2022,24,N,12
PRD0325,NovaMed_325,Neurology,6503.46,LifePlus,NovaCure Pharma,500mg,Tablet,2017,24,Y,12
PRD0326,NovaMed_326,Diabetes,2270.06,LifePlus,NovaCure Pharma,500mg,Syrup,2021,24,Y,12
PRD0327,NovaMed_327,Oncology,2190.12,CureX,NovaCure Pharma,250mg,Syrup,2015,24,N,12
PRD0328,NovaMed_328,Diabetes,576.57,CureX,NovaCure Pharma,500mg,Capsule,2021,24,N,12
PRD0329,NovaMed_329,Pain Relief,3778.67,CureX,NovaCure Pharma,20mg,Capsule,2017,24,Y,12
PRD0330,NovaMed_330,Neurology,3557.14,CureX,NovaCure Pharma,500mg,Tablet,2022,24,Y,12
PRD0331,NovaMed_331,Oncology,3446.08,Nova,NovaCure Pharma,500mg,Syrup,2017,24,N,12
PRD0332,NovaMed_332,Respiratory,6443.18,LifePlus,NovaCure Pharma,250mg,Syrup,2015,24,N,12
PRD0333,NovaMed_333,Pain Relief,2229.47,Nova,NovaCure Pharma,250mg,Syrup,2020,24,N,12
PRD0334,NovaMed_334,Oncology,1391.61,Nova,NovaCure Pharma,20mg,Syrup,2025,24,N,12
PRD0335,NovaMed_335,Oncology,1724.99,Nova,NovaCure Pharma,20mg,Syrup,2018,24,Y,12
PRD0336,NovaMed_336,Respiratory,3500.53,CureX,NovaCure Pharma,20mg,Tablet,2021,24,N,12
PRD0337,NovaMed_337,Oncology,3838.41,LifePlus,NovaCure Pharma,20mg,Capsule,2018,24,N,12
PRD0338,NovaMed_338,Neurology,3560.49,CureX,NovaCure Pharma,500mg,Capsule,2020,24,N,12
PRD0339,NovaMed_339,Respiratory,4801.6,LifePlus,NovaCure Pharma,250mg,Tablet,2018,24,Y,12
PRD0340,NovaMed_340,Respiratory,750.68,CureX,NovaCure Pharma,500mg,Capsule,2017,24,Y,12
PRD0341,NovaMed_341,Oncology,806.36,Nova,NovaCure Pharma,20mg,Tablet,2017,24,Y,12
PRD0342,NovaMed_342,Cardiology,3029.03,LifePlus,NovaCure Pharma,500mg,Capsule,2020,24,Y,12
PRD0343,NovaMed_343,Pain Relief,7640.61,LifePlus,NovaCure Pharma,20mg,Syrup,2019,24,Y,12
PRD0344,NovaMed_344,Oncology,6882.09,LifePlus,NovaCure Pharma,20mg,Capsule,2021,24,N,12
PRD0345,NovaMed_345,Cardiology,6096.32,CureX,NovaCure Pharma,500mg,Capsule,2015,24,Y,12
PRD0346,NovaMed_346,Oncology,2375.98,Nova,NovaCure Pharma,250mg,Tablet,2023,24,Y,12
PRD0347,NovaMed_347,Cardiology,3581.22,CureX,NovaCure Pharma,500mg,Capsule,2023,24,N,12
PRD0348,NovaMed_348,Diabetes,6336.49,CureX,NovaCure Pharma,250mg,Syrup,2025,24,Y,12
PRD0349,NovaMed_349,Respiratory,7827.15,CureX,NovaCure Pharma,20mg,Tablet,2018,24,Y,12
PRD0350,NovaMed_350,Diabetes,3201.48,LifePlus,NovaCure Pharma,250mg,Syrup,2023,24,N,12
PRD0351,NovaMed_351,Oncology,1135.64,LifePlus,NovaCure Pharma,500mg,Syrup,2018,24,N,12
PRD0352,NovaMed_352,Neurology,2859.36,CureX,NovaCure Pharma,20mg,Capsule,2021,24,N,12
PRD0353,NovaMed_353,Cardiology,1444.37,LifePlus,NovaCure Pharma,500mg,Syrup,2021,24,N,12
PRD0354,NovaMed_354,Respiratory,4291.73,CureX,NovaCure Pharma,500mg,Tablet,2017,24,N,12
PRD0355,NovaMed_355,Respiratory,4765.58,CureX,NovaCure Pharma,20mg,Capsule,2023,24,N,12
PRD0356,NovaMed_356,Pain Relief,360.27,Nova,NovaCure Pharma,500mg,Capsule,2019,24,Y,12
PRD0357,NovaMed_357,Cardiology,1743.33,CureX,NovaCure Pharma,20mg,Syrup,2018,24,N,12
PRD0358,NovaMed_358,Oncology,1413.0,CureX,NovaCure Pharma,250mg,Tablet,2020,24,Y,12
PRD0359,NovaMed_359,Diabetes,1087.74,CureX,NovaCure Pharma,20mg,Syrup,2024,24,Y,12
PRD0360,NovaMed_360,Cardiology,3502.26,Nova,NovaCure Pharma,500mg,Capsule,2023,24,Y,12
PRD0361,NovaMed_361,Diabetes,3217.29,LifePlus,NovaCure Pharma,20mg,Capsule,2020,24,N,12
PRD0362,NovaMed_362,Oncology,3380.31,CureX,NovaCure Pharma,250mg,Syrup,2021,24,Y,12
PRD0363,NovaMed_363,Cardiology,4754.64,CureX,NovaCure Pharma,250mg,Tablet,2019,24,Y,12
PRD0364,NovaMed_364,Cardiology,7819.06,Nova,NovaCure Pharma,500mg,Capsule,2018,24,N,12
PRD0365,NovaMed_365,Pain Relief,1397.69,Nova,NovaCure Pharma,250mg,Tablet,2025,24,Y,12
PRD0366,NovaMed_366,Oncology,6695.34,LifePlus,NovaCure Pharma,20mg,Syrup,2022,24,Y,12
PRD0367,NovaMed_367,Cardiology,1822.65,Nova,NovaCure Pharma,250mg,Capsule,2018,24,N,12
PRD0368,NovaMed_368,Diabetes,1573.21,Nova,NovaCure Pharma,500mg,Tablet,2018,24,N,12
PRD0369,NovaMed_369,Diabetes,6176.18,CureX,NovaCure Pharma,500mg,Tablet,2015,24,Y,12
PRD0370,NovaMed_370,Neurology,1441.36,CureX,NovaCure Pharma,500mg,Tablet,2015,24,Y,12
PRD0371,NovaMed_371,Respiratory,4557.91,Nova,NovaCure Pharma,20mg,Tablet,2016,24,N,12
PRD0372,NovaMed_372,Pain Relief,5967.72,Nova,NovaCure Pharma,20mg,Capsule,2015,24,Y,12
PRD0373,NovaMed_373,Cardiology,3951.6,CureX,NovaCure Pharma,500mg,Syrup,2016,24,N,12
PRD0374,NovaMed_374,Diabetes,3021.62,Nova,NovaCure Pharma,500mg,Syrup,2022,24,Y,12
PRD0375,NovaMed_375,Pain Relief,297.76,Nova,NovaCure Pharma,500mg,Tablet,2025,24,Y,12
PRD0376,NovaMed_376,Diabetes,7701.34,LifePlus,NovaCure Pharma,20mg,Tablet,2018,24,Y,12
PRD0377,NovaMed_377,Pain Relief,1086.18,CureX,NovaCure Pharma,250mg,Syrup,2017,24,N,12
PRD0378,NovaMed_378,Neurology,6013.46,Nova,NovaCure Pharma,250mg,Capsule,2017,24,N,12
PRD0379,NovaMed_379,Respiratory,4989.53,LifePlus,NovaCure Pharma,500mg,Syrup,2019,24,Y,12
PRD0380,NovaMed_380,Pain Relief,1263.51,LifePlus,NovaCure Pharma,250mg,Syrup,2019,24,N,12
PRD0381,NovaMed_381,Respiratory,1513.75,Nova,NovaCure Pharma,250mg,Tablet,2024,24,Y,12
PRD0382,NovaMed_382,Cardiology,3968.13,LifePlus,NovaCure Pharma,250mg,Syrup,2019,24,Y,12
PRD0383,NovaMed_383,Pain Relief,1435.07,CureX,NovaCure Pharma,500mg,Syrup,2024,24,N,12
PRD0384,NovaMed_384,Pain Relief,3131.41,Nova,NovaCure Pharma,500mg,Syrup,2017,24,N,12
PRD0385,NovaMed_385,Neurology,2623.76,CureX,NovaCure Pharma,20mg,Capsule,2023,24,Y,12
PRD0386,NovaMed_386,Pain Relief,4586.75,LifePlus,NovaCure Pharma,20mg,Capsule,2020,24,Y,12
PRD0387,NovaMed_387,Respiratory,1580.03,LifePlus,NovaCure Pharma,500mg,Tablet,2019,24,N,12
PRD0388,NovaMed_388,Pain Relief,852.34,CureX,NovaCure Pharma,500mg,Capsule,2016,24,N,12
PRD0389,NovaMed_389,Pain Relief,5603.59,Nova,NovaCure Pharma,500mg,Syrup,2016,24,Y,12
PRD0390,NovaMed_390,Pain Relief,1799.92,Nova,NovaCure Pharma,250mg,Tablet,2023,24,Y,12
PRD0391,NovaMed_391,Pain Relief,2663.91,LifePlus,NovaCure Pharma,500mg,Tablet,2019,24,Y,12
PRD0392,NovaMed_392,Respiratory,3484.72,LifePlus,NovaCure Pharma,20mg,Tablet,2023,24,Y,12
PRD0393,NovaMed_393,Pain Relief,6390.33,Nova,NovaCure Pharma,250mg,Capsule,2015,24,Y,12
PRD0394,NovaMed_394,Cardiology,5686.56,LifePlus,NovaCure Pharma,250mg,Tablet,2024,24,Y,12
PRD0395,NovaMed_395,Cardiology,7162.44,CureX,NovaCure Pharma,20mg,Capsule,2020,24,N,12
PRD0396,NovaMed_396,Respiratory,2128.98,CureX,NovaCure Pharma,500mg,Tablet,2017,24,N,12
PRD0397,NovaMed_397,Diabetes,110.29,CureX,NovaCure Pharma,500mg,Syrup,2024,24,N,12
PRD0398,NovaMed_398,Cardiology,6874.83,Nova,NovaCure Pharma,500mg,Tablet,2016,24,Y,12
PRD0399,NovaMed_399,Respiratory,694.96,Nova,NovaCure Pharma,250mg,Syrup,2025,24,Y,12
PRD0400,NovaMed_400,Cardiology,3048.44,LifePlus,NovaCure Pharma,250mg,Capsule,2023,24,Y,12
PRD0401,NovaMed_401,Pain Relief,7609.16,LifePlus,NovaCure Pharma,500mg,Tablet,2023,24,N,12
PRD0402,NovaMed_402,Cardiology,2352.88,CureX,NovaCure Pharma,250mg,Syrup,2015,24,Y,12
PRD0403,NovaMed_403,Neurology,338.93,CureX,NovaCure Pharma,500mg,Capsule,2024,24,Y,12
PRD0404,NovaMed_404,Respiratory,7241.85,LifePlus,NovaCure Pharma,250mg,Syrup,2025,24,Y,12
PRD0405,NovaMed_405,Respiratory,3486.69,CureX,NovaCure Pharma,500mg,Tablet,2018,24,Y,12
PRD0406,NovaMed_406,Respiratory,2937.63,LifePlus,NovaCure Pharma,250mg,Tablet,2015,24,Y,12
PRD0407,NovaMed_407,Respiratory,5100.78,LifePlus,NovaCure Pharma,250mg,Tablet,2015,24,N,12
PRD0408,NovaMed_408,Oncology,2331.79,LifePlus,NovaCure Pharma,500mg,Tablet,2021,24,N,12
PRD0409,NovaMed_409,Cardiology,5935.61,LifePlus,NovaCure Pharma,20mg,Tablet,2015,24,Y,12
PRD0410,NovaMed_410,Oncology,7346.81,CureX,NovaCure Pharma,20mg,Capsule,2018,24,N,12
PRD0411,NovaMed_411,Respiratory,301.45,LifePlus,NovaCure Pharma,20mg,Tablet,2015,24,N,12
PRD0412,NovaMed_412,Oncology,5081.15,LifePlus,NovaCure Pharma,20mg,Capsule,2020,24,N,12
PRD0413,NovaMed_413,Diabetes,5721.22,CureX,NovaCure Pharma,500mg,Tablet,2023,24,Y,12
PRD0414,NovaMed_414,Cardiology,2641.74,CureX,NovaCure Pharma,250mg,Tablet,2021,24,Y,12
PRD0415,NovaMed_415,Oncology,7247.73,LifePlus,NovaCure Pharma,20mg,Capsule,2019,24,N,12
PRD0416,NovaMed_416,Cardiology,4383.11,LifePlus,NovaCure Pharma,250mg,Tablet,2018,24,N,12
PRD0417,NovaMed_417,Neurology,7777.49,LifePlus,NovaCure Pharma,250mg,Capsule,2023,24,Y,12
PRD0418,NovaMed_418,Diabetes,963.02,CureX,NovaCure Pharma,500mg,Syrup,2025,24,Y,12
PRD0419,NovaMed_419,Diabetes,6434.26,CureX,NovaCure Pharma,20mg,Tablet,2016,24,Y,12
PRD0420,NovaMed_420,Respiratory,586.73,LifePlus,NovaCure Pharma,20mg,Syrup,2021,24,Y,12
PRD0421,NovaMed_421,Respiratory,6273.49,Nova,NovaCure Pharma,500mg,Tablet,2020,24,Y,12
PRD0422,NovaMed_422,Oncology,3473.5,LifePlus,NovaCure Pharma,500mg,Syrup,2015,24,N,12
PRD0423,NovaMed_423,Diabetes,2122.09,LifePlus,NovaCure Pharma,20mg,Tablet,2015,24,Y,12
PRD0424,NovaMed_424,Respiratory,5486.26,LifePlus,NovaCure Pharma,500mg,Tablet,2015,24,N,12
PRD0425,NovaMed_425,Diabetes,4469.46,Nova,NovaCure Pharma,20mg,Tablet,2024,24,N,12
PRD0426,NovaMed_426,Cardiology,6677.82,CureX,NovaCure Pharma,20mg,Tablet,2019,24,N,12
PRD0427,NovaMed_427,Oncology,7177.79,CureX,NovaCure Pharma,500mg,Syrup,2018,24,Y,12
PRD0428,NovaMed_428,Neurology,4131.35,LifePlus,NovaCure Pharma,20mg,Tablet,2021,24,Y,12
PRD0429,NovaMed_429,Cardiology,7235.75,Nova,NovaCure Pharma,20mg,Capsule,2022,24,Y,12
PRD0430,NovaMed_430,Pain Relief,4904.08,CureX,NovaCure Pharma,500mg,Tablet,2019,24,N,12
PRD0431,NovaMed_431,Pain Relief,6644.32,Nova,NovaCure Pharma,250mg,Syrup,2020,24,N,12
PRD0432,NovaMed_432,Neurology,6244.44,LifePlus,NovaCure Pharma,20mg,Syrup,2024,24,Y,12
PRD0433,NovaMed_433,Neurology,7441.37,CureX,NovaCure Pharma,20mg,Syrup,2018,24,Y,12
PRD0434,NovaMed_434,Oncology,3413.81,LifePlus,NovaCure Pharma,250mg,Syrup,2021,24,N,12
PRD0435,NovaMed_435,Neurology,7358.79,LifePlus,NovaCure Pharma,500mg,Syrup,2018,24,N,12
PRD0436,NovaMed_436,Neurology,201.96,CureX,NovaCure Pharma,250mg,Tablet,2024,24,Y,12
PRD0437,NovaMed_437,Diabetes,573.17,Nova,NovaCure Pharma,20mg,Capsule,2016,24,N,12
PRD0438,NovaMed_438,Oncology,4638.21,CureX,NovaCure Pharma,500mg,Tablet,2018,24,Y,12
PRD0439,NovaMed_439,Cardiology,7677.14,Nova,NovaCure Pharma,250mg,Syrup,2021,24,N,12
PRD0440,NovaMed_440,Cardiology,6667.24,LifePlus,NovaCure Pharma,250mg,Tablet,2015,24,Y,12
PRD0441,NovaMed_441,Oncology,5720.63,Nova,NovaCure Pharma,20mg,Syrup,2020,24,N,12
PRD0442,NovaMed_442,Pain Relief,7568.33,CureX,NovaCure Pharma,250mg,Tablet,2022,24,N,12
PRD0443,NovaMed_443,Oncology,7515.2,CureX,NovaCure Pharma,20mg,Capsule,2015,24,N,12
PRD0444,NovaMed_444,Oncology,2524.07,Nova,NovaCure Pharma,250mg,Capsule,2022,24,Y,12
PRD0445,NovaMed_445,Respiratory,591.52,CureX,NovaCure Pharma,500mg,Tablet,2018,24,N,12
PRD0446,NovaMed_446,Respiratory,887.52,CureX,NovaCure Pharma,250mg,Capsule,2023,24,Y,12
PRD0447,NovaMed_447,Oncology,2890.07,Nova,NovaCure Pharma,20mg,Tablet,2022,24,Y,12
PRD0448,NovaMed_448,Neurology,3945.46,LifePlus,NovaCure Pharma,250mg,Tablet,2015,24,Y,12
PRD0449,NovaMed_449,Respiratory,5959.81,LifePlus,NovaCure Pharma,500mg,Tablet,2020,24,N,12
PRD0450,NovaMed_450,Respiratory,2038.88,CureX,NovaCure Pharma,250mg,Capsule,2018,24,N,12
PRD0451,NovaMed_451,Diabetes,5086.37,CureX,NovaCure Pharma,250mg,Syrup,2024,24,N,12
PRD0452,NovaMed_452,Oncology,1140.74,CureX,NovaCure Pharma,500mg,Syrup,2024,24,Y,12
PRD0453,NovaMed_453,Diabetes,627.13,CureX,NovaCure Pharma,250mg,Tablet,2019,24,Y,12
PRD0454,NovaMed_454,Diabetes,5375.09,LifePlus,NovaCure Pharma,20mg,Syrup,2023,24,Y,12
PRD0455,NovaMed_455,Neurology,2860.69,CureX,NovaCure Pharma,500mg,Capsule,2018,24,Y,12
PRD0456,NovaMed_456,Neurology,4606.69,CureX,NovaCure Pharma,20mg,Capsule,2025,24,Y,12
PRD0457,NovaMed_457,Respiratory,5987.94,CureX,NovaCure Pharma,500mg,Capsule,2022,24,Y,12
PRD0458,NovaMed_458,Diabetes,6840.72,CureX,NovaCure Pharma,20mg,Syrup,2018,24,N,12
PRD0459,NovaMed_459,Respiratory,4913.64,LifePlus,NovaCure Pharma,500mg,Syrup,2021,24,N,12
PRD0460,NovaMed_460,Pain Relief,6708.1,LifePlus,NovaCure Pharma,500mg,Syrup,2016,24,Y,12
PRD0461,NovaMed_461,Oncology,7583.93,Nova,NovaCure Pharma,20mg,Syrup,2016,24,N,12
PRD0462,NovaMed_462,Neurology,6747.31,CureX,NovaCure Pharma,500mg,Capsule,2015,24,N,12
PRD0463,NovaMed_463,Neurology,4436.69,LifePlus,NovaCure Pharma,500mg,Syrup,2023,24,Y,12
PRD0464,NovaMed_464,Respiratory,4072.0,CureX,NovaCure Pharma,20mg,Syrup,2016,24,Y,12
PRD0465,NovaMed_465,Diabetes,6618.5,Nova,NovaCure Pharma,20mg,Tablet,2016,24,Y,12
PRD0466,NovaMed_466,Oncology,5922.25,CureX,NovaCure Pharma,250mg,Tablet,2015,24,N,12
PRD0467,NovaMed_467,Pain Relief,2324.86,LifePlus,NovaCure Pharma,500mg,Capsule,2019,24,N,12
PRD0468,NovaMed_468,Respiratory,4861.81,LifePlus,NovaCure Pharma,20mg,Tablet,2025,24,Y,12
PRD0469,NovaMed_469,Respiratory,2056.93,CureX,NovaCure Pharma,500mg,Syrup,2020,24,N,12
PRD0470,NovaMed_470,Respiratory,679.53,LifePlus,NovaCure Pharma,20mg,Syrup,2015,24,Y,12
PRD0471,NovaMed_471,Cardiology,2446.74,LifePlus,NovaCure Pharma,250mg,Capsule,2015,24,Y,12
PRD0472,NovaMed_472,Cardiology,1830.66,CureX,NovaCure Pharma,20mg,Syrup,2016,24,Y,12
PRD0473,NovaMed_473,Respiratory,5039.43,CureX,NovaCure Pharma,500mg,Syrup,2021,24,N,12
PRD0474,NovaMed_474,Diabetes,1786.71,Nova,NovaCure Pharma,500mg,Tablet,2025,24,Y,12
PRD0475,NovaMed_475,Oncology,3108.93,Nova,NovaCure Pharma,500mg,Tablet,2021,24,N,12
PRD0476,NovaMed_476,Diabetes,4564.82,LifePlus,NovaCure Pharma,500mg,Capsule,2023,24,Y,12
PRD0477,NovaMed_477,Oncology,3601.75,LifePlus,NovaCure Pharma,500mg,Syrup,2020,24,N,12
PRD0478,NovaMed_478,Diabetes,2605.48,Nova,NovaCure Pharma,500mg,Syrup,2017,24,N,12
PRD0479,NovaMed_479,Cardiology,7956.38,Nova,NovaCure Pharma,20mg,Syrup,2016,24,N,12
PRD0480,NovaMed_480,Respiratory,3387.18,LifePlus,NovaCure Pharma,250mg,Syrup,2018,24,Y,12
PRD0481,NovaMed_481,Cardiology,2665.64,CureX,NovaCure Pharma,500mg,Syrup,2024,24,N,12
PRD0482,NovaMed_482,Respiratory,7572.42,Nova,NovaCure Pharma,250mg,Capsule,2023,24,Y,12
PRD0483,NovaMed_483,Cardiology,1197.95,CureX,NovaCure Pharma,20mg,Tablet,2017,24,Y,12
PRD0484,NovaMed_484,Neurology,3735.07,CureX,NovaCure Pharma,500mg,Capsule,2021,24,Y,12
PRD0485,NovaMed_485,Oncology,2182.93,LifePlus,NovaCure Pharma,500mg,Syrup,2017,24,Y,12
PRD0486,NovaMed_486,Cardiology,5772.83,CureX,NovaCure Pharma,250mg,Tablet,2015,24,N,12
PRD0487,NovaMed_487,Oncology,171.58,LifePlus,NovaCure Pharma,250mg,Syrup,2023,24,N,12
PRD0488,NovaMed_488,Diabetes,4691.18,LifePlus,NovaCure Pharma,20mg,Syrup,2020,24,N,12
PRD0489,NovaMed_489,Neurology,7876.18,Nova,NovaCure Pharma,20mg,Syrup,2024,24,Y,12
PRD0490,NovaMed_490,Neurology,4051.48,LifePlus,NovaCure Pharma,20mg,Capsule,2019,24,N,12
PRD0491,NovaMed_491,Neurology,5882.96,LifePlus,NovaCure Pharma,20mg,Syrup,2022,24,N,12
PRD0492,NovaMed_492,Diabetes,3004.82,LifePlus,NovaCure Pharma,20mg,Capsule,2020,24,Y,12
PRD0493,NovaMed_493,Neurology,4213.7,CureX,NovaCure Pharma,500mg,Syrup,2022,24,N,12
PRD0494,NovaMed_494,Oncology,2881.94,Nova,NovaCure Pharma,500mg,Capsule,2017,24,Y,12
PRD0495,NovaMed_495,Diabetes,3543.74,CureX,NovaCure Pharma,20mg,Capsule,2018,24,Y,12
PRD0496,NovaMed_496,Diabetes,6477.79,Nova,NovaCure Pharma,500mg,Capsule,2017,24,N,12
PRD0497,NovaMed_497,Diabetes,1170.79,LifePlus,NovaCure Pharma,500mg,Tablet,2022,24,Y,12
PRD0498,NovaMed_498,Respiratory,2677.68,CureX,NovaCure Pharma,250mg,Syrup,2025,24,Y,12
PRD0499,NovaMed_499,Cardiology,4303.15,Nova,NovaCure Pharma,250mg,Capsule,2021,24,N,12
PRD0500,NovaMed_500,Diabetes,2639.32,CureX,NovaCure Pharma,500mg,Tablet,2018,24,N,12
PRD0501,NovaMed_501,Neurology,6198.39,Nova,NovaCure Pharma,500mg,Syrup,2022,24,Y,12
PRD0502,NovaMed_502,Neurology,680.84,CureX,NovaCure Pharma,500mg,Syrup,2025,24,Y,12
PRD0503,NovaMed_503,Neurology,4204.68,LifePlus,NovaCure Pharma,250mg,Syrup,2018,24,Y,12
PRD0504,NovaMed_504,Oncology,7805.5,LifePlus,NovaCure Pharma,250mg,Syrup,2016,24,N,12
PRD0505,NovaMed_505,Pain Relief,5664.83,CureX,NovaCure Pharma,20mg,Syrup,2023,24,N,12
PRD0506,NovaMed_506,Respiratory,2152.69,LifePlus,NovaCure Pharma,500mg,Capsule,2016,24,Y,12
PRD0507,NovaMed_507,Cardiology,5188.37,LifePlus,NovaCure Pharma,250mg,Capsule,2021,24,N,12
PRD0508,NovaMed_508,Cardiology,3239.62,LifePlus,NovaCure Pharma,500mg,Tablet,2022,24,Y,12
PRD0509,NovaMed_509,Oncology,1794.42,CureX,NovaCure Pharma,500mg,Syrup,2023,24,N,12
PRD0510,NovaMed_510,Respiratory,3998.97,Nova,NovaCure Pharma,250mg,Capsule,2020,24,Y,12
PRD0511,NovaMed_511,Respiratory,2944.45,LifePlus,NovaCure Pharma,500mg,Capsule,2020,24,N,12
PRD0512,NovaMed_512,Oncology,3328.69,Nova,NovaCure Pharma,500mg,Syrup,2018,24,N,12
PRD0513,NovaMed_513,Respiratory,5630.18,CureX,NovaCure Pharma,20mg,Syrup,2016,24,Y,12
PRD0514,NovaMed_514,Diabetes,1328.66,Nova,NovaCure Pharma,250mg,Capsule,2020,24,N,12
PRD0515,NovaMed_515,Respiratory,5216.49,LifePlus,NovaCure Pharma,500mg,Tablet,2018,24,N,12
PRD0516,NovaMed_516,Pain Relief,5189.59,Nova,NovaCure Pharma,250mg,Syrup,2018,24,Y,12
PRD0517,NovaMed_517,Neurology,4362.81,Nova,NovaCure Pharma,500mg,Syrup,2020,24,Y,12
PRD0518,NovaMed_518,Oncology,1035.26,Nova,NovaCure Pharma,20mg,Tablet,2015,24,N,12
PRD0519,NovaMed_519,Pain Relief,2511.7,CureX,NovaCure Pharma,20mg,Tablet,2015,24,N,12
PRD0520,NovaMed_520,Diabetes,1735.75,Nova,NovaCure Pharma,500mg,Capsule,2020,24,N,12
PRD0521,NovaMed_521,Respiratory,669.87,CureX,NovaCure Pharma,20mg,Capsule,2018,24,Y,12
PRD0522,NovaMed_522,Cardiology,4927.41,LifePlus,NovaCure Pharma,250mg,Syrup,2017,24,Y,12
PRD0523,NovaMed_523,Respiratory,7295.36,CureX,NovaCure Pharma,20mg,Syrup,2018,24,N,12
PRD0524,NovaMed_524,Diabetes,7388.42,CureX,NovaCure Pharma,250mg,Capsule,2024,24,Y,12
PRD0525,NovaMed_525,Diabetes,1836.29,Nova,NovaCure Pharma,250mg,Tablet,2016,24,Y,12
PRD0526,NovaMed_526,Oncology,303.99,CureX,NovaCure Pharma,250mg,Syrup,2017,24,Y,12
PRD0527,NovaMed_527,Respiratory,2248.62,CureX,NovaCure Pharma,500mg,Syrup,2019,24,Y,12
PRD0528,NovaMed_528,Oncology,3652.92,CureX,NovaCure Pharma,20mg,Tablet,2021,24,Y,12
PRD0529,NovaMed_529,Oncology,3136.17,Nova,NovaCure Pharma,500mg,Tablet,2021,24,N,12
PRD0530,NovaMed_530,Oncology,5414.89,CureX,NovaCure Pharma,500mg,Capsule,2021,24,N,12
PRD0531,NovaMed_531,Cardiology,6276.4,LifePlus,NovaCure Pharma,500mg,Capsule,2016,24,Y,12
PRD0532,NovaMed_532,Diabetes,4192.13,LifePlus,NovaCure Pharma,250mg,Syrup,2015,24,Y,12
PRD0533,NovaMed_533,Cardiology,3281.08,Nova,NovaCure Pharma,250mg,Syrup,2015,24,N,12
PRD0534,NovaMed_534,Respiratory,4570.79,CureX,NovaCure Pharma,250mg,Tablet,2019,24,N,12
PRD0535,NovaMed_535,Oncology,4337.83,LifePlus,NovaCure Pharma,250mg,Capsule,2019,24,Y,12
PRD0536,NovaMed_536,Diabetes,2521.88,CureX,NovaCure Pharma,500mg,Tablet,2021,24,Y,12
PRD0537,NovaMed_537,Oncology,6381.12,Nova,NovaCure Pharma,20mg,Capsule,2025,24,Y,12
PRD0538,NovaMed_538,Pain Relief,5593.3,Nova,NovaCure Pharma,20mg,Syrup,2017,24,N,12
PRD0539,NovaMed_539,Respiratory,674.39,CureX,NovaCure Pharma,250mg,Syrup,2022,24,Y,12
PRD0540,NovaMed_540,Respiratory,3493.74,CureX,NovaCure Pharma,500mg,Syrup,2015,24,Y,12
PRD0541,NovaMed_541,Neurology,614.9,LifePlus,NovaCure Pharma,20mg,Capsule,2016,24,Y,12
PRD0542,NovaMed_542,Pain Relief,6631.39,CureX,NovaCure Pharma,250mg,Tablet,2023,24,N,12
PRD0543,NovaMed_543,Diabetes,5237.98,LifePlus,NovaCure Pharma,500mg,Syrup,2020,24,N,12
PRD0544,NovaMed_544,Respiratory,5238.04,LifePlus,NovaCure Pharma,500mg,Capsule,2015,24,Y,12
PRD0545,NovaMed_545,Pain Relief,443.4,Nova,NovaCure Pharma,500mg,Capsule,2024,24,N,12
PRD0546,NovaMed_546,Respiratory,7304.46,LifePlus,NovaCure Pharma,20mg,Tablet,2023,24,N,12
PRD0547,NovaMed_547,Neurology,3454.22,Nova,NovaCure Pharma,250mg,Capsule,2022,24,Y,12
PRD0548,NovaMed_548,Oncology,5105.93,CureX,NovaCure Pharma,250mg,Syrup,2020,24,N,12
PRD0549,NovaMed_549,Oncology,3431.96,CureX,NovaCure Pharma,250mg,Capsule,2017,24,Y,12
PRD0550,NovaMed_550,Diabetes,1883.38,Nova,NovaCure Pharma,500mg,Syrup,2023,24,N,12
PRD0551,NovaMed_551,Oncology,7802.18,CureX,NovaCure Pharma,250mg,Tablet,2025,24,Y,12
PRD0552,NovaMed_552,Oncology,1572.24,Nova,NovaCure Pharma,250mg,Capsule,2021,24,N,12
PRD0553,NovaMed_553,Respiratory,4700.22,CureX,NovaCure Pharma,250mg,Capsule,2018,24,Y,12
PRD0554,NovaMed_554,Pain Relief,6856.62,LifePlus,NovaCure Pharma,20mg,Syrup,2022,24,Y,12
PRD0555,NovaMed_555,Pain Relief,2940.9,LifePlus,NovaCure Pharma,500mg,Tablet,2023,24,N,12
PRD0556,NovaMed_556,Neurology,2264.61,LifePlus,NovaCure Pharma,20mg,Syrup,2020,24,N,12
PRD0557,NovaMed_557,Respiratory,3273.0,LifePlus,NovaCure Pharma,20mg,Syrup,2021,24,N,12
PRD0558,NovaMed_558,Oncology,6097.25,CureX,NovaCure Pharma,500mg,Tablet,2016,24,N,12
PRD0559,NovaMed_559,Pain Relief,4128.39,LifePlus,NovaCure Pharma,500mg,Tablet,2022,24,N,12
PRD0560,NovaMed_560,Pain Relief,5857.23,Nova,NovaCure Pharma,250mg,Capsule,2024,24,N,12
PRD0561,NovaMed_561,Cardiology,7407.68,CureX,NovaCure Pharma,250mg,Tablet,2017,24,Y,12
PRD0562,NovaMed_562,Diabetes,2851.27,LifePlus,NovaCure Pharma,500mg,Capsule,2020,24,Y,12
PRD0563,NovaMed_563,Diabetes,3551.06,LifePlus,NovaCure Pharma,500mg,Capsule,2018,24,N,12
PRD0564,NovaMed_564,Respiratory,974.89,Nova,NovaCure Pharma,250mg,Tablet,2021,24,Y,12
PRD0565,NovaMed_565,Oncology,4008.01,Nova,NovaCure Pharma,20mg,Syrup,2022,24,Y,12
PRD0566,NovaMed_566,Neurology,7693.91,CureX,NovaCure Pharma,250mg,Syrup,2017,24,N,12
PRD0567,NovaMed_567,Oncology,2292.38,Nova,NovaCure Pharma,500mg,Capsule,2022,24,N,12
PRD0568,NovaMed_568,Diabetes,3151.94,LifePlus,NovaCure Pharma,20mg,Tablet,2024,24,N,12
PRD0569,NovaMed_569,Cardiology,2424.85,CureX,NovaCure Pharma,250mg,Capsule,2015,24,N,12
PRD0570,NovaMed_570,Cardiology,1430.61,LifePlus,NovaCure Pharma,250mg,Capsule,2015,24,Y,12
PRD0571,NovaMed_571,Cardiology,1241.34,Nova,NovaCure Pharma,500mg,Syrup,2021,24,N,12
PRD0572,NovaMed_572,Diabetes,7843.53,CureX,NovaCure Pharma,500mg,Tablet,2019,24,Y,12
PRD0573,NovaMed_573,Cardiology,7492.04,CureX,NovaCure Pharma,20mg,Capsule,2015,24,Y,12
PRD0574,NovaMed_574,Respiratory,1549.04,LifePlus,NovaCure Pharma,500mg,Tablet,2022,24,Y,12
PRD0575,NovaMed_575,Respiratory,6697.42,Nova,NovaCure Pharma,500mg,Syrup,2015,24,Y,12
PRD0576,NovaMed_576,Pain Relief,4419.45,CureX,NovaCure Pharma,500mg,Syrup,2018,24,N,12
PRD0577,NovaMed_577,Respiratory,1096.28,LifePlus,NovaCure Pharma,20mg,Syrup,2018,24,Y,12
PRD0578,NovaMed_578,Oncology,7875.32,LifePlus,NovaCure Pharma,250mg,Tablet,2016,24,N,12
PRD0579,NovaMed_579,Diabetes,6589.34,Nova,NovaCure Pharma,250mg,Capsule,2024,24,N,12
PRD0580,NovaMed_580,Pain Relief,255.1,LifePlus,NovaCure Pharma,500mg,Capsule,2022,24,Y,12
PRD0581,NovaMed_581,Cardiology,1324.56,LifePlus,NovaCure Pharma,250mg,Capsule,2016,24,Y,12
PRD0582,NovaMed_582,Cardiology,2988.29,LifePlus,NovaCure Pharma,500mg,Capsule,2024,24,Y,12
PRD0583,NovaMed_583,Oncology,5032.19,LifePlus,NovaCure Pharma,20mg,Capsule,2016,24,Y,12
PRD0584,NovaMed_584,Cardiology,6124.81,CureX,NovaCure Pharma,500mg,Capsule,2017,24,Y,12
PRD0585,NovaMed_585,Respiratory,6446.4,CureX,NovaCure Pharma,250mg,Capsule,2017,24,Y,12
PRD0586,NovaMed_586,Cardiology,3596.45,Nova,NovaCure Pharma,250mg,Tablet,2021,24,N,12
PRD0587,NovaMed_587,Cardiology,583.59,CureX,NovaCure Pharma,250mg,Tablet,2017,24,N,12
PRD0588,NovaMed_588,Neurology,3931.66,Nova,NovaCure Pharma,500mg,Tablet,2022,24,N,12
PRD0589,NovaMed_589,Pain Relief,4173.6,LifePlus,NovaCure Pharma,20mg,Capsule,2019,24,N,12
PRD0590,NovaMed_590,Respiratory,3989.67,Nova,NovaCure Pharma,500mg,Tablet,2018,24,N,12
PRD0591,NovaMed_591,Oncology,2088.99,Nova,NovaCure Pharma,20mg,Tablet,2023,24,N,12
PRD0592,NovaMed_592,Respiratory,4633.22,Nova,NovaCure Pharma,250mg,Capsule,2020,24,N,12
PRD0593,NovaMed_593,Cardiology,7699.06,CureX,NovaCure Pharma,20mg,Capsule,2022,24,N,12
PRD0594,NovaMed_594,Oncology,6204.34,LifePlus,NovaCure Pharma,20mg,Capsule,2022,24,N,12
PRD0595,NovaMed_595,Cardiology,1030.89,LifePlus,NovaCure Pharma,500mg,Syrup,2024,24,Y,12
PRD0596,NovaMed_596,Oncology,4783.71,Nova,NovaCure Pharma,250mg,Tablet,2025,24,N,12
PRD0597,NovaMed_597,Pain Relief,4364.79,CureX,NovaCure Pharma,500mg,Syrup,2023,24,Y,12
PRD0598,NovaMed_598,Cardiology,7219.58,LifePlus,NovaCure Pharma,20mg,Syrup,2023,24,N,12
PRD0599,NovaMed_599,Pain Relief,2812.33,Nova,NovaCure Pharma,20mg,Tablet,2025,24,Y,12
PRD0600,NovaMed_600,Neurology,3962.91,LifePlus,NovaCure Pharma,500mg,Capsule,2016,24,N,12
PRD0601,NovaMed_601,Oncology,3337.77,CureX,NovaCure Pharma,250mg,Capsule,2021,24,N,12
PRD0602,NovaMed_602,Pain Relief,170.94,CureX,NovaCure Pharma,20mg,Syrup,2022,24,N,12
PRD0603,NovaMed_603,Cardiology,3026.96,LifePlus,NovaCure Pharma,250mg,Tablet,2024,24,Y,12
PRD0604,NovaMed_604,Neurology,7721.2,CureX,NovaCure Pharma,500mg,Syrup,2019,24,N,12
PRD0605,NovaMed_605,Oncology,2388.87,Nova,NovaCure Pharma,500mg,Syrup,2023,24,N,12
PRD0606,NovaMed_606,Pain Relief,4271.5,LifePlus,NovaCure Pharma,20mg,Tablet,2015,24,Y,12
PRD0607,NovaMed_607,Oncology,7302.22,CureX,NovaCure Pharma,250mg,Capsule,2018,24,Y,12
PRD0608,NovaMed_608,Cardiology,5832.76,CureX,NovaCure Pharma,500mg,Tablet,2024,24,N,12
PRD0609,NovaMed_609,Oncology,5343.38,CureX,NovaCure Pharma,20mg,Capsule,2015,24,Y,12
PRD0610,NovaMed_610,Neurology,5453.38,LifePlus,NovaCure Pharma,250mg,Syrup,2022,24,N,12
PRD0611,NovaMed_611,Pain Relief,5662.58,LifePlus,NovaCure Pharma,500mg,Capsule,2017,24,Y,12
PRD0612,NovaMed_612,Oncology,5624.83,LifePlus,NovaCure Pharma,250mg,Tablet,2018,24,N,12
PRD0613,NovaMed_613,Oncology,3334.71,Nova,NovaCure Pharma,500mg,Tablet,2021,24,N,12
PRD0614,NovaMed_614,Cardiology,546.0,CureX,NovaCure Pharma,500mg,Capsule,2020,24,Y,12
PRD0615,NovaMed_615,Neurology,4405.96,Nova,NovaCure Pharma,250mg,Syrup,2015,24,Y,12
PRD0616,NovaMed_616,Respiratory,3991.94,LifePlus,NovaCure Pharma,20mg,Tablet,2018,24,N,12
PRD0617,NovaMed_617,Oncology,2764.02,Nova,NovaCure Pharma,250mg,Capsule,2021,24,N,12
PRD0618,NovaMed_618,Oncology,631.46,Nova,NovaCure Pharma,500mg,Capsule,2019,24,Y,12
PRD0619,NovaMed_619,Diabetes,7149.88,CureX,NovaCure Pharma,250mg,Syrup,2015,24,Y,12
PRD0620,NovaMed_620,Pain Relief,2149.7,CureX,NovaCure Pharma,20mg,Syrup,2021,24,Y,12
PRD0621,NovaMed_621,Respiratory,2488.23,CureX,NovaCure Pharma,250mg,Capsule,2019,24,Y,12
PRD0622,NovaMed_622,Neurology,4187.78,Nova,NovaCure Pharma,500mg,Capsule,2023,24,Y,12
PRD0623,NovaMed_623,Diabetes,614.78,LifePlus,NovaCure Pharma,20mg,Tablet,2016,24,Y,12
PRD0624,NovaMed_624,Neurology,3665.75,LifePlus,NovaCure Pharma,20mg,Tablet,2019,24,Y,12
PRD0625,NovaMed_625,Neurology,4204.39,LifePlus,NovaCure Pharma,500mg,Capsule,2022,24,N,12
PRD0626,NovaMed_626,Neurology,7455.58,LifePlus,NovaCure Pharma,500mg,Capsule,2025,24,N,12
PRD0627,NovaMed_627,Oncology,3304.79,LifePlus,NovaCure Pharma,20mg,Tablet,2022,24,N,12
PRD0628,NovaMed_628,Neurology,2285.35,CureX,NovaCure Pharma,500mg,Syrup,2017,24,Y,12
PRD0629,NovaMed_629,Oncology,6580.58,LifePlus,NovaCure Pharma,250mg,Tablet,2015,24,N,12
PRD0630,NovaMed_630,Respiratory,1180.09,CureX,NovaCure Pharma,20mg,Syrup,2022,24,Y,12
PRD0631,NovaMed_631,Respiratory,646.35,CureX,NovaCure Pharma,500mg,Capsule,2017,24,Y,12
PRD0632,NovaMed_632,Respiratory,762.48,Nova,NovaCure Pharma,250mg,Tablet,2023,24,N,12
PRD0633,NovaMed_633,Diabetes,1433.16,Nova,NovaCure Pharma,20mg,Capsule,2016,24,N,12
PRD0634,NovaMed_634,Pain Relief,1171.51,Nova,NovaCure Pharma,250mg,Capsule,2020,24,Y,12
PRD0635,NovaMed_635,Pain Relief,512.71,Nova,NovaCure Pharma,20mg,Syrup,2016,24,Y,12
PRD0636,NovaMed_636,Diabetes,6154.21,LifePlus,NovaCure Pharma,250mg,Capsule,2020,24,Y,12
PRD0637,NovaMed_637,Neurology,3693.97,Nova,NovaCure Pharma,250mg,Syrup,2017,24,N,12
PRD0638,NovaMed_638,Respiratory,328.02,LifePlus,NovaCure Pharma,250mg,Tablet,2023,24,Y,12
PRD0639,NovaMed_639,Diabetes,4285.67,LifePlus,NovaCure Pharma,500mg,Capsule,2023,24,Y,12
PRD0640,NovaMed_640,Oncology,3843.92,LifePlus,NovaCure Pharma,20mg,Syrup,2020,24,N,12
PRD0641,NovaMed_641,Cardiology,3973.83,Nova,NovaCure Pharma,500mg,Capsule,2022,24,Y,12
PRD0642,NovaMed_642,Respiratory,4092.9,Nova,NovaCure Pharma,500mg,Syrup,2017,24,N,12
PRD0643,NovaMed_643,Respiratory,7971.61,LifePlus,NovaCure Pharma,250mg,Tablet,2023,24,Y,12
PRD0644,NovaMed_644,Diabetes,2755.23,CureX,NovaCure Pharma,250mg,Syrup,2024,24,Y,12
PRD0645,NovaMed_645,Neurology,2472.04,LifePlus,NovaCure Pharma,250mg,Tablet,2021,24,N,12
PRD0646,NovaMed_646,Pain Relief,3842.14,Nova,NovaCure Pharma,20mg,Syrup,2018,24,N,12
PRD0647,NovaMed_647,Diabetes,772.22,Nova,NovaCure Pharma,500mg,Capsule,2020,24,N,12
PRD0648,NovaMed_648,Pain Relief,960.11,Nova,NovaCure Pharma,500mg,Tablet,2025,24,Y,12
PRD0649,NovaMed_649,Neurology,7524.15,Nova,NovaCure Pharma,20mg,Tablet,2024,24,N,12
PRD0650,NovaMed_650,Oncology,3130.45,LifePlus,NovaCure Pharma,20mg,Syrup,2016,24,N,12
PRD0651,NovaMed_651,Oncology,7157.73,CureX,NovaCure Pharma,500mg,Syrup,2022,24,N,12
PRD0652,NovaMed_652,Respiratory,1498.52,Nova,NovaCure Pharma,250mg,Capsule,2017,24,N,12
PRD0653,NovaMed_653,Pain Relief,4921.47,LifePlus,NovaCure Pharma,20mg,Capsule,2025,24,N,12
PRD0654,NovaMed_654,Diabetes,5938.3,Nova,NovaCure Pharma,250mg,Syrup,2016,24,N,12
PRD0655,NovaMed_655,Pain Relief,7991.46,Nova,NovaCure Pharma,250mg,Capsule,2025,24,N,12
PRD0656,NovaMed_656,Diabetes,1592.81,CureX,NovaCure Pharma,500mg,Tablet,2021,24,Y,12
PRD0657,NovaMed_657,Pain Relief,3611.79,Nova,NovaCure Pharma,20mg,Tablet,2023,24,N,12
PRD0658,NovaMed_658,Respiratory,7637.75,LifePlus,NovaCure Pharma,20mg,Capsule,2019,24,Y,12
PRD0659,NovaMed_659,Oncology,6987.79,LifePlus,NovaCure Pharma,20mg,Syrup,2016,24,Y,12
PRD0660,NovaMed_660,Diabetes,2301.82,LifePlus,NovaCure Pharma,500mg,Capsule,2019,24,N,12
PRD0661,NovaMed_661,Pain Relief,6159.88,Nova,NovaCure Pharma,250mg,Tablet,2020,24,N,12
PRD0662,NovaMed_662,Respiratory,7883.94,Nova,NovaCure Pharma,500mg,Syrup,2016,24,Y,12
PRD0663,NovaMed_663,Respiratory,2257.46,LifePlus,NovaCure Pharma,500mg,Tablet,2019,24,N,12
PRD0664,NovaMed_664,Oncology,2610.61,CureX,NovaCure Pharma,20mg,Tablet,2025,24,N,12
PRD0665,NovaMed_665,Oncology,1025.4,CureX,NovaCure Pharma,250mg,Capsule,2016,24,Y,12
PRD0666,NovaMed_666,Oncology,2648.61,LifePlus,NovaCure Pharma,250mg,Capsule,2017,24,N,12
PRD0667,NovaMed_667,Oncology,1729.18,Nova,NovaCure Pharma,500mg,Capsule,2018,24,N,12
PRD0668,NovaMed_668,Cardiology,5108.22,LifePlus,NovaCure Pharma,500mg,Syrup,2018,24,Y,12
PRD0669,NovaMed_669,Oncology,3667.86,LifePlus,NovaCure Pharma,20mg,Tablet,2015,24,Y,12
PRD0670,NovaMed_670,Neurology,3280.97,CureX,NovaCure Pharma,500mg,Syrup,2017,24,N,12
PRD0671,NovaMed_671,Oncology,3886.02,CureX,NovaCure Pharma,20mg,Capsule,2016,24,N,12
PRD0672,NovaMed_672,Neurology,6427.63,LifePlus,NovaCure Pharma,20mg,Tablet,2016,24,Y,12
PRD0673,NovaMed_673,Respiratory,5599.05,CureX,NovaCure Pharma,250mg,Syrup,2020,24,N,12
PRD0674,NovaMed_674,Respiratory,2504.1,Nova,NovaCure Pharma,250mg,Syrup,2016,24,Y,12
PRD0675,NovaMed_675,Oncology,679.13,CureX,NovaCure Pharma,250mg,Syrup,2021,24,Y,12
PRD0676,NovaMed_676,Neurology,7780.15,Nova,NovaCure Pharma,250mg,Capsule,2020,24,N,12
PRD0677,NovaMed_677,Oncology,1627.59,LifePlus,NovaCure Pharma,500mg,Tablet,2015,24,Y,12
PRD0678,NovaMed_678,Oncology,1854.12,Nova,NovaCure Pharma,20mg,Tablet,2020,24,Y,12
PRD0679,NovaMed_679,Diabetes,1389.32,LifePlus,NovaCure Pharma,20mg,Tablet,2017,24,N,12
PRD0680,NovaMed_680,Oncology,6066.55,CureX,NovaCure Pharma,500mg,Syrup,2017,24,Y,12
PRD0681,NovaMed_681,Oncology,3013.05,Nova,NovaCure Pharma,500mg,Capsule,2022,24,Y,12
PRD0682,NovaMed_682,Oncology,7886.45,Nova,NovaCure Pharma,250mg,Capsule,2023,24,N,12
PRD0683,NovaMed_683,Respiratory,7537.29,Nova,NovaCure Pharma,500mg,Tablet,2025,24,N,12
PRD0684,NovaMed_684,Pain Relief,7183.52,CureX,NovaCure Pharma,250mg,Tablet,2022,24,Y,12
PRD0685,NovaMed_685,Diabetes,7127.28,LifePlus,NovaCure Pharma,20mg,Capsule,2025,24,N,12
PRD0686,NovaMed_686,Pain Relief,3944.78,CureX,NovaCure Pharma,20mg,Capsule,2020,24,Y,12
PRD0687,NovaMed_687,Neurology,990.34,LifePlus,NovaCure Pharma,20mg,Syrup,2018,24,Y,12
PRD0688,NovaMed_688,Cardiology,1454.97,Nova,NovaCure Pharma,20mg,Capsule,2015,24,Y,12
PRD0689,NovaMed_689,Diabetes,3625.56,Nova,NovaCure Pharma,20mg,Capsule,2016,24,N,12
PRD0690,NovaMed_690,Diabetes,2074.53,CureX,NovaCure Pharma,20mg,Capsule,2025,24,N,12
PRD0691,NovaMed_691,Diabetes,6927.17,LifePlus,NovaCure Pharma,20mg,Tablet,2024,24,N,12
PRD0692,NovaMed_692,Pain Relief,188.14,Nova,NovaCure Pharma,250mg,Tablet,2021,24,Y,12
PRD0693,NovaMed_693,Neurology,1844.61,Nova,NovaCure Pharma,250mg,Syrup,2016,24,Y,12
PRD0694,NovaMed_694,Cardiology,393.46,CureX,NovaCure Pharma,20mg,Tablet,2020,24,N,12
PRD0695,NovaMed_695,Diabetes,6252.03,Nova,NovaCure Pharma,250mg,Capsule,2021,24,Y,12
PRD0696,NovaMed_696,Cardiology,2287.78,CureX,NovaCure Pharma,20mg,Tablet,2019,24,Y,12
PRD0697,NovaMed_697,Diabetes,4197.81,CureX,NovaCure Pharma,500mg,Syrup,2019,24,Y,12
PRD0698,NovaMed_698,Neurology,2528.34,CureX,NovaCure Pharma,250mg,Tablet,2020,24,N,12
PRD0699,NovaMed_699,Pain Relief,7455.06,Nova,NovaCure Pharma,250mg,Syrup,2024,24,Y,12
PRD0700,NovaMed_700,Pain Relief,6633.47,LifePlus,NovaCure Pharma,250mg,Syrup,2017,24,Y,12
PRD0701,NovaMed_701,Respiratory,6653.66,Nova,NovaCure Pharma,250mg,Syrup,2016,24,N,12
PRD0702,NovaMed_702,Cardiology,7655.75,Nova,NovaCure Pharma,20mg,Tablet,2016,24,N,12
PRD0703,NovaMed_703,Respiratory,6650.74,LifePlus,NovaCure Pharma,250mg,Syrup,2019,24,N,12
PRD0704,NovaMed_704,Respiratory,1639.12,LifePlus,NovaCure Pharma,500mg,Capsule,2016,24,N,12
PRD0705,NovaMed_705,Respiratory,4645.44,CureX,NovaCure Pharma,250mg,Capsule,2022,24,Y,12
PRD0706,NovaMed_706,Diabetes,7058.62,CureX,NovaCure Pharma,500mg,Tablet,2017,24,Y,12
PRD0707,NovaMed_707,Cardiology,4133.61,LifePlus,NovaCure Pharma,250mg,Tablet,2020,24,Y,12
PRD0708,NovaMed_708,Oncology,6125.88,Nova,NovaCure Pharma,20mg,Syrup,2021,24,N,12
PRD0709,NovaMed_709,Cardiology,7358.46,LifePlus,NovaCure Pharma,250mg,Syrup,2019,24,Y,12
PRD0710,NovaMed_710,Pain Relief,881.88,CureX,NovaCure Pharma,250mg,Capsule,2023,24,Y,12
PRD0711,NovaMed_711,Pain Relief,2376.51,LifePlus,NovaCure Pharma,250mg,Tablet,2022,24,Y,12
PRD0712,NovaMed_712,Neurology,4963.1,CureX,NovaCure Pharma,250mg,Capsule,2021,24,Y,12
PRD0713,NovaMed_713,Cardiology,2724.79,Nova,NovaCure Pharma,20mg,Syrup,2022,24,N,12
PRD0714,NovaMed_714,Respiratory,3838.61,CureX,NovaCure Pharma,500mg,Capsule,2021,24,N,12
PRD0715,NovaMed_715,Neurology,6985.94,LifePlus,NovaCure Pharma,500mg,Syrup,2019,24,N,12
PRD0716,NovaMed_716,Oncology,7268.85,LifePlus,NovaCure Pharma,20mg,Tablet,2016,24,Y,12
PRD0717,NovaMed_717,Cardiology,660.28,LifePlus,NovaCure Pharma,20mg,Syrup,2024,24,N,12
PRD0718,NovaMed_718,Pain Relief,6277.23,Nova,NovaCure Pharma,500mg,Syrup,2020,24,Y,12
PRD0719,NovaMed_719,Respiratory,7545.03,CureX,NovaCure Pharma,250mg,Capsule,2017,24,N,12
PRD0720,NovaMed_720,Cardiology,3107.48,CureX,NovaCure Pharma,250mg,Syrup,2017,24,N,12
PRD0721,NovaMed_721,Neurology,1420.99,Nova,NovaCure Pharma,20mg,Capsule,2024,24,Y,12
PRD0722,NovaMed_722,Diabetes,5231.7,LifePlus,NovaCure Pharma,20mg,Syrup,2021,24,Y,12
PRD0723,NovaMed_723,Pain Relief,670.93,LifePlus,NovaCure Pharma,500mg,Tablet,2022,24,Y,12
PRD0724,NovaMed_724,Respiratory,1159.01,Nova,NovaCure Pharma,20mg,Tablet,2021,24,N,12
PRD0725,NovaMed_725,Pain Relief,5568.93,CureX,NovaCure Pharma,250mg,Capsule,2020,24,N,12
PRD0726,NovaMed_726,Oncology,1265.44,LifePlus,NovaCure Pharma,500mg,Capsule,2024,24,Y,12
PRD0727,NovaMed_727,Pain Relief,6465.94,Nova,NovaCure Pharma,20mg,Syrup,2016,24,Y,12
PRD0728,NovaMed_728,Oncology,5698.98,Nova,NovaCure Pharma,20mg,Capsule,2025,24,Y,12
PRD0729,NovaMed_729,Cardiology,5110.05,Nova,NovaCure Pharma,20mg,Syrup,2016,24,N,12
PRD0730,NovaMed_730,Respiratory,3211.93,CureX,NovaCure Pharma,250mg,Syrup,2021,24,Y,12
PRD0731,NovaMed_731,Pain Relief,7124.75,CureX,NovaCure Pharma,250mg,Capsule,2020,24,Y,12
PRD0732,NovaMed_732,Cardiology,698.85,LifePlus,NovaCure Pharma,20mg,Capsule,2019,24,N,12
PRD0733,NovaMed_733,Oncology,5451.32,Nova,NovaCure Pharma,500mg,Syrup,2022,24,Y,12
PRD0734,NovaMed_734,Cardiology,6324.35,LifePlus,NovaCure Pharma,20mg,Capsule,2024,24,Y,12
PRD0735,NovaMed_735,Oncology,5732.24,LifePlus,NovaCure Pharma,250mg,Capsule,2019,24,N,12
PRD0736,NovaMed_736,Respiratory,1504.95,Nova,NovaCure Pharma,250mg,Syrup,2024,24,Y,12
PRD0737,NovaMed_737,Neurology,7245.95,LifePlus,NovaCure Pharma,250mg,Syrup,2015,24,Y,12
PRD0738,NovaMed_738,Oncology,5023.1,LifePlus,NovaCure Pharma,500mg,Capsule,2015,24,N,12
PRD0739,NovaMed_739,Respiratory,7993.31,Nova,NovaCure Pharma,20mg,Capsule,2025,24,Y,12
PRD0740,NovaMed_740,Neurology,4366.04,CureX,NovaCure Pharma,250mg,Tablet,2025,24,N,12
PRD0741,NovaMed_741,Diabetes,2919.56,LifePlus,NovaCure Pharma,500mg,Capsule,2020,24,N,12
PRD0742,NovaMed_742,Neurology,7450.45,Nova,NovaCure Pharma,250mg,Syrup,2022,24,Y,12
PRD0743,NovaMed_743,Neurology,4928.31,Nova,NovaCure Pharma,250mg,Syrup,2015,24,N,12
PRD0744,NovaMed_744,Oncology,549.84,LifePlus,NovaCure Pharma,500mg,Tablet,2022,24,Y,12
PRD0745,NovaMed_745,Diabetes,3821.43,LifePlus,NovaCure Pharma,500mg,Syrup,2025,24,N,12
PRD0746,NovaMed_746,Neurology,670.09,Nova,NovaCure Pharma,500mg,Syrup,2024,24,Y,12
PRD0747,NovaMed_747,Respiratory,7968.47,LifePlus,NovaCure Pharma,250mg,Capsule,2017,24,N,12
PRD0748,NovaMed_748,Cardiology,2938.07,Nova,NovaCure Pharma,250mg,Capsule,2019,24,Y,12
PRD0749,NovaMed_749,Diabetes,4349.85,CureX,NovaCure Pharma,500mg,Syrup,2020,24,Y,12
PRD0750,NovaMed_750,Neurology,6217.86,Nova,NovaCure Pharma,250mg,Syrup,2017,24,Y,12
PRD0751,NovaMed_751,Neurology,2883.23,LifePlus,NovaCure Pharma,20mg,Capsule,2015,24,N,12
PRD0752,NovaMed_752,Cardiology,4676.42,CureX,NovaCure Pharma,500mg,Tablet,2019,24,Y,12
PRD0753,NovaMed_753,Cardiology,3481.71,Nova,NovaCure Pharma,250mg,Capsule,2018,24,Y,12
PRD0754,NovaMed_754,Oncology,2641.97,CureX,NovaCure Pharma,20mg,Capsule,2023,24,N,12
PRD0755,NovaMed_755,Cardiology,819.1,LifePlus,NovaCure Pharma,20mg,Tablet,2022,24,Y,12
PRD0756,NovaMed_756,Oncology,6559.4,CureX,NovaCure Pharma,20mg,Syrup,2021,24,N,12
PRD0757,NovaMed_757,Cardiology,4126.88,CureX,NovaCure Pharma,500mg,Capsule,2023,24,Y,12
PRD0758,NovaMed_758,Pain Relief,483.94,CureX,NovaCure Pharma,250mg,Capsule,2017,24,N,12
PRD0759,NovaMed_759,Oncology,7829.39,LifePlus,NovaCure Pharma,250mg,Tablet,2021,24,Y,12
PRD0760,NovaMed_760,Neurology,5052.92,LifePlus,NovaCure Pharma,250mg,Capsule,2021,24,N,12
PRD0761,NovaMed_761,Diabetes,3668.68,CureX,NovaCure Pharma,20mg,Syrup,2023,24,Y,12
PRD0762,NovaMed_762,Diabetes,2552.0,CureX,NovaCure Pharma,250mg,Syrup,2022,24,N,12
PRD0763,NovaMed_763,Oncology,3128.59,Nova,NovaCure Pharma,20mg,Tablet,2022,24,Y,12
PRD0764,NovaMed_764,Cardiology,6956.86,LifePlus,NovaCure Pharma,250mg,Capsule,2017,24,N,12
PRD0765,NovaMed_765,Respiratory,7708.34,LifePlus,NovaCure Pharma,20mg,Capsule,2017,24,Y,12
PRD0766,NovaMed_766,Cardiology,3639.96,Nova,NovaCure Pharma,20mg,Tablet,2021,24,N,12
PRD0767,NovaMed_767,Respiratory,1494.38,CureX,NovaCure Pharma,500mg,Capsule,2016,24,N,12
PRD0768,NovaMed_768,Neurology,1422.83,LifePlus,NovaCure Pharma,500mg,Capsule,2016,24,N,12
PRD0769,NovaMed_769,Oncology,6792.36,CureX,NovaCure Pharma,500mg,Tablet,2024,24,N,12
PRD0770,NovaMed_770,Oncology,4210.96,LifePlus,NovaCure Pharma,250mg,Capsule,2022,24,N,12
PRD0771,NovaMed_771,Neurology,4218.81,LifePlus,NovaCure Pharma,250mg,Syrup,2017,24,N,12
PRD0772,NovaMed_772,Cardiology,1908.74,Nova,NovaCure Pharma,500mg,Syrup,2019,24,Y,12
PRD0773,NovaMed_773,Cardiology,7488.15,LifePlus,NovaCure Pharma,20mg,Tablet,2017,24,Y,12
PRD0774,NovaMed_774,Respiratory,1426.65,Nova,NovaCure Pharma,250mg,Capsule,2020,24,N,12
PRD0775,NovaMed_775,Neurology,3247.79,Nova,NovaCure Pharma,250mg,Tablet,2016,24,Y,12
PRD0776,NovaMed_776,Oncology,2796.58,Nova,NovaCure Pharma,250mg,Syrup,2023,24,N,12
PRD0777,NovaMed_777,Respiratory,4936.66,CureX,NovaCure Pharma,20mg,Capsule,2025,24,Y,12
PRD0778,NovaMed_778,Oncology,343.91,Nova,NovaCure Pharma,20mg,Syrup,2023,24,N,12
PRD0779,NovaMed_779,Diabetes,4740.03,Nova,NovaCure Pharma,500mg,Capsule,2024,24,N,12
PRD0780,NovaMed_780,Neurology,1435.49,Nova,NovaCure Pharma,20mg,Syrup,2015,24,N,12
PRD0781,NovaMed_781,Pain Relief,1948.11,CureX,NovaCure Pharma,500mg,Syrup,2017,24,Y,12
PRD0782,NovaMed_782,Oncology,6439.88,CureX,NovaCure Pharma,250mg,Syrup,2019,24,N,12
PRD0783,NovaMed_783,Pain Relief,1734.74,Nova,NovaCure Pharma,20mg,Syrup,2022,24,Y,12
PRD0784,NovaMed_784,Respiratory,6359.88,CureX,NovaCure Pharma,250mg,Tablet,2021,24,Y,12
PRD0785,NovaMed_785,Respiratory,2776.64,LifePlus,NovaCure Pharma,250mg,Tablet,2015,24,N,12
PRD0786,NovaMed_786,Diabetes,6496.85,LifePlus,NovaCure Pharma,20mg,Capsule,2017,24,N,12
PRD0787,NovaMed_787,Pain Relief,5765.17,LifePlus,NovaCure Pharma,500mg,Syrup,2018,24,Y,12
PRD0788,NovaMed_788,Respiratory,103.6,Nova,NovaCure Pharma,250mg,Capsule,2022,24,N,12
PRD0789,NovaMed_789,Pain Relief,3443.67,LifePlus,NovaCure Pharma,250mg,Tablet,2020,24,N,12
PRD0790,NovaMed_790,Oncology,7286.28,CureX,NovaCure Pharma,20mg,Capsule,2015,24,Y,12
PRD0791,NovaMed_791,Pain Relief,1087.21,CureX,NovaCure Pharma,20mg,Syrup,2016,24,Y,12
PRD0792,NovaMed_792,Neurology,6494.9,Nova,NovaCure Pharma,500mg,Tablet,2016,24,Y,12
PRD0793,NovaMed_793,Oncology,3007.75,LifePlus,NovaCure Pharma,250mg,Syrup,2023,24,Y,12
PRD0794,NovaMed_794,Pain Relief,1928.42,Nova,NovaCure Pharma,20mg,Capsule,2015,24,Y,12
PRD0795,NovaMed_795,Pain Relief,2689.41,CureX,NovaCure Pharma,20mg,Capsule,2018,24,Y,12
PRD0796,NovaMed_796,Cardiology,4510.11,LifePlus,NovaCure Pharma,20mg,Capsule,2024,24,N,12
PRD0797,NovaMed_797,Oncology,1967.8,CureX,NovaCure Pharma,20mg,Tablet,2015,24,Y,12
PRD0798,NovaMed_798,Pain Relief,2166.8,Nova,NovaCure Pharma,500mg,Syrup,2022,24,N,12
PRD0799,NovaMed_799,Pain Relief,4025.56,Nova,NovaCure Pharma,20mg,Tablet,2025,24,Y,12
PRD0800,NovaMed_800,Neurology,2520.29,CureX,NovaCure Pharma,250mg,Tablet,2019,24,N,12
PRD0801,NovaMed_801,Diabetes,2851.66,Nova,NovaCure Pharma,500mg,Syrup,2017,24,N,12
PRD0802,NovaMed_802,Cardiology,4840.53,CureX,NovaCure Pharma,500mg,Syrup,2017,24,N,12
PRD0803,NovaMed_803,Pain Relief,7217.36,Nova,NovaCure Pharma,20mg,Tablet,2016,24,Y,12
PRD0804,NovaMed_804,Neurology,2610.79,LifePlus,NovaCure Pharma,500mg,Capsule,2020,24,Y,12
PRD0805,NovaMed_805,Cardiology,7492.19,CureX,NovaCure Pharma,20mg,Capsule,2025,24,N,12
PRD0806,NovaMed_806,Diabetes,5857.8,Nova,NovaCure Pharma,20mg,Capsule,2015,24,N,12
PRD0807,NovaMed_807,Diabetes,2936.0,Nova,NovaCure Pharma,250mg,Tablet,2015,24,Y,12
PRD0808,NovaMed_808,Pain Relief,5107.73,Nova,NovaCure Pharma,500mg,Capsule,2022,24,Y,12
PRD0809,NovaMed_809,Neurology,5907.63,CureX,NovaCure Pharma,20mg,Capsule,2017,24,Y,12
PRD0810,NovaMed_810,Neurology,6846.64,Nova,NovaCure Pharma,500mg,Capsule,2023,24,N,12
PRD0811,NovaMed_811,Pain Relief,4805.58,Nova,NovaCure Pharma,20mg,Tablet,2024,24,Y,12
PRD0812,NovaMed_812,Diabetes,7572.9,CureX,NovaCure Pharma,250mg,Tablet,2020,24,N,12
PRD0813,NovaMed_813,Oncology,4357.47,Nova,NovaCure Pharma,20mg,Tablet,2018,24,N,12
PRD0814,NovaMed_814,Pain Relief,3754.48,LifePlus,NovaCure Pharma,500mg,Tablet,2018,24,Y,12
PRD0815,NovaMed_815,Respiratory,6086.69,Nova,NovaCure Pharma,500mg,Capsule,2022,24,Y,12
PRD0816,NovaMed_816,Pain Relief,1614.51,Nova,NovaCure Pharma,20mg,Tablet,2015,24,Y,12
PRD0817,NovaMed_817,Cardiology,3302.29,LifePlus,NovaCure Pharma,20mg,Tablet,2020,24,N,12
PRD0818,NovaMed_818,Pain Relief,5087.45,LifePlus,NovaCure Pharma,500mg,Syrup,2025,24,Y,12
PRD0819,NovaMed_819,Diabetes,5548.22,CureX,NovaCure Pharma,500mg,Tablet,2016,24,Y,12
PRD0820,NovaMed_820,Respiratory,3589.95,LifePlus,NovaCure Pharma,250mg,Syrup,2021,24,Y,12
PRD0821,NovaMed_821,Diabetes,168.03,LifePlus,NovaCure Pharma,20mg,Tablet,2023,24,N,12
PRD0822,NovaMed_822,Diabetes,2030.74,LifePlus,NovaCure Pharma,20mg,Syrup,2018,24,Y,12
PRD0823,NovaMed_823,Pain Relief,2965.45,LifePlus,NovaCure Pharma,250mg,Tablet,2022,24,N,12
PRD0824,NovaMed_824,Pain Relief,6898.36,LifePlus,NovaCure Pharma,250mg,Syrup,2019,24,N,12
PRD0825,NovaMed_825,Neurology,3351.81,LifePlus,NovaCure Pharma,250mg,Tablet,2022,24,Y,12
PRD0826,NovaMed_826,Respiratory,136.82,CureX,NovaCure Pharma,20mg,Capsule,2017,24,Y,12
PRD0827,NovaMed_827,Respiratory,3993.09,CureX,NovaCure Pharma,20mg,Tablet,2016,24,N,12
PRD0828,NovaMed_828,Cardiology,6113.94,CureX,NovaCure Pharma,20mg,Syrup,2015,24,N,12
PRD0829,NovaMed_829,Pain Relief,494.62,Nova,NovaCure Pharma,20mg,Tablet,2021,24,Y,12
PRD0830,NovaMed_830,Respiratory,5893.55,Nova,NovaCure Pharma,20mg,Syrup,2023,24,Y,12
PRD0831,NovaMed_831,Oncology,979.36,CureX,NovaCure Pharma,250mg,Syrup,2019,24,Y,12
PRD0832,NovaMed_832,Neurology,5484.89,CureX,NovaCure Pharma,250mg,Tablet,2018,24,Y,12
PRD0833,NovaMed_833,Neurology,5193.65,Nova,NovaCure Pharma,500mg,Tablet,2020,24,N,12
PRD0834,NovaMed_834,Cardiology,1804.3,Nova,NovaCure Pharma,250mg,Tablet,2021,24,Y,12
PRD0835,NovaMed_835,Respiratory,6012.22,LifePlus,NovaCure Pharma,20mg,Tablet,2016,24,N,12
PRD0836,NovaMed_836,Pain Relief,5318.96,CureX,NovaCure Pharma,500mg,Capsule,2025,24,Y,12
PRD0837,NovaMed_837,Diabetes,3295.41,Nova,NovaCure Pharma,250mg,Capsule,2022,24,N,12
PRD0838,NovaMed_838,Pain Relief,1231.36,CureX,NovaCure Pharma,250mg,Syrup,2020,24,Y,12
PRD0839,NovaMed_839,Respiratory,1968.55,CureX,NovaCure Pharma,500mg,Syrup,2016,24,N,12
PRD0840,NovaMed_840,Respiratory,6468.48,Nova,NovaCure Pharma,20mg,Capsule,2018,24,Y,12
PRD0841,NovaMed_841,Neurology,6488.72,LifePlus,NovaCure Pharma,500mg,Tablet,2020,24,N,12
PRD0842,NovaMed_842,Respiratory,5708.3,LifePlus,NovaCure Pharma,20mg,Syrup,2020,24,N,12
PRD0843,NovaMed_843,Neurology,6394.86,Nova,NovaCure Pharma,500mg,Tablet,2023,24,N,12
PRD0844,NovaMed_844,Respiratory,3827.02,Nova,NovaCure Pharma,250mg,Syrup,2018,24,N,12
PRD0845,NovaMed_845,Pain Relief,5553.56,CureX,NovaCure Pharma,20mg,Capsule,2024,24,Y,12
PRD0846,NovaMed_846,Neurology,3676.77,CureX,NovaCure Pharma,500mg,Syrup,2023,24,Y,12
PRD0847,NovaMed_847,Oncology,5840.63,Nova,NovaCure Pharma,250mg,Syrup,2021,24,N,12
PRD0848,NovaMed_848,Pain Relief,3808.34,Nova,NovaCure Pharma,250mg,Syrup,2019,24,Y,12
PRD0849,NovaMed_849,Cardiology,290.61,Nova,NovaCure Pharma,250mg,Capsule,2024,24,N,12
PRD0850,NovaMed_850,Respiratory,143.74,CureX,NovaCure Pharma,250mg,Capsule,2022,24,N,12
PRD0851,NovaMed_851,Oncology,459.78,LifePlus,NovaCure Pharma,20mg,Tablet,2023,24,N,12
PRD0852,NovaMed_852,Pain Relief,3121.96,Nova,NovaCure Pharma,250mg,Syrup,2015,24,N,12
PRD0853,NovaMed_853,Oncology,1320.51,LifePlus,NovaCure Pharma,20mg,Tablet,2015,24,N,12
PRD0854,NovaMed_854,Cardiology,3779.42,CureX,NovaCure Pharma,250mg,Capsule,2015,24,Y,12
PRD0855,NovaMed_855,Pain Relief,1122.98,Nova,NovaCure Pharma,20mg,Syrup,2024,24,Y,12
PRD0856,NovaMed_856,Pain Relief,2248.42,Nova,NovaCure Pharma,500mg,Syrup,2023,24,N,12
PRD0857,NovaMed_857,Pain Relief,2279.7,Nova,NovaCure Pharma,500mg,Syrup,2020,24,Y,12
PRD0858,NovaMed_858,Diabetes,1338.72,Nova,NovaCure Pharma,250mg,Capsule,2025,24,N,12
PRD0859,NovaMed_859,Diabetes,2415.04,CureX,NovaCure Pharma,250mg,Tablet,2025,24,N,12
PRD0860,NovaMed_860,Diabetes,1873.81,CureX,NovaCure Pharma,20mg,Capsule,2024,24,Y,12
PRD0861,NovaMed_861,Diabetes,5110.17,CureX,NovaCure Pharma,20mg,Capsule,2019,24,N,12
PRD0862,NovaMed_862,Pain Relief,6209.18,LifePlus,NovaCure Pharma,20mg,Syrup,2023,24,Y,12
PRD0863,NovaMed_863,Oncology,2192.51,CureX,NovaCure Pharma,250mg,Syrup,2015,24,Y,12
PRD0864,NovaMed_864,Neurology,1025.94,CureX,NovaCure Pharma,500mg,Tablet,2017,24,N,12
PRD0865,NovaMed_865,Cardiology,2376.48,Nova,NovaCure Pharma,500mg,Capsule,2019,24,N,12
PRD0866,NovaMed_866,Neurology,5561.33,Nova,NovaCure Pharma,20mg,Tablet,2015,24,N,12
PRD0867,NovaMed_867,Respiratory,3959.18,LifePlus,NovaCure Pharma,250mg,Capsule,2018,24,N,12
PRD0868,NovaMed_868,Oncology,3289.95,Nova,NovaCure Pharma,20mg,Tablet,2021,24,Y,12
PRD0869,NovaMed_869,Oncology,2262.46,CureX,NovaCure Pharma,500mg,Capsule,2022,24,N,12
PRD0870,NovaMed_870,Neurology,5463.95,CureX,NovaCure Pharma,250mg,Tablet,2025,24,N,12
PRD0871,NovaMed_871,Respiratory,1411.28,CureX,NovaCure Pharma,500mg,Tablet,2015,24,Y,12
PRD0872,NovaMed_872,Neurology,7608.91,Nova,NovaCure Pharma,500mg,Capsule,2017,24,N,12
PRD0873,NovaMed_873,Neurology,891.5,CureX,NovaCure Pharma,20mg,Tablet,2019,24,N,12
PRD0874,NovaMed_874,Diabetes,2624.5,Nova,NovaCure Pharma,500mg,Tablet,2018,24,Y,12
PRD0875,NovaMed_875,Diabetes,7166.79,LifePlus,NovaCure Pharma,250mg,Syrup,2019,24,N,12
PRD0876,NovaMed_876,Oncology,3217.2,CureX,NovaCure Pharma,20mg,Tablet,2018,24,Y,12
PRD0877,NovaMed_877,Oncology,5197.92,LifePlus,NovaCure Pharma,20mg,Tablet,2016,24,N,12
PRD0878,NovaMed_878,Oncology,3915.11,Nova,NovaCure Pharma,20mg,Tablet,2018,24,Y,12
PRD0879,NovaMed_879,Oncology,3621.22,LifePlus,NovaCure Pharma,20mg,Tablet,2025,24,Y,12
PRD0880,NovaMed_880,Cardiology,6364.93,LifePlus,NovaCure Pharma,20mg,Capsule,2016,24,Y,12
PRD0881,NovaMed_881,Oncology,5315.16,Nova,NovaCure Pharma,500mg,Capsule,2021,24,N,12
PRD0882,NovaMed_882,Oncology,6458.79,Nova,NovaCure Pharma,250mg,Tablet,2018,24,Y,12
PRD0883,NovaMed_883,Diabetes,7668.86,LifePlus,NovaCure Pharma,500mg,Syrup,2023,24,N,12
PRD0884,NovaMed_884,Respiratory,246.81,CureX,NovaCure Pharma,250mg,Capsule,2016,24,N,12
PRD0885,NovaMed_885,Respiratory,4531.77,LifePlus,NovaCure Pharma,500mg,Tablet,2022,24,Y,12
PRD0886,NovaMed_886,Neurology,7334.68,CureX,NovaCure Pharma,500mg,Capsule,2023,24,N,12
PRD0887,NovaMed_887,Pain Relief,775.53,CureX,NovaCure Pharma,250mg,Capsule,2020,24,N,12
PRD0888,NovaMed_888,Diabetes,7486.55,Nova,NovaCure Pharma,20mg,Syrup,2022,24,Y,12
PRD0889,NovaMed_889,Diabetes,5945.55,CureX,NovaCure Pharma,250mg,Capsule,2022,24,Y,12
PRD0890,NovaMed_890,Neurology,4352.7,Nova,NovaCure Pharma,500mg,Syrup,2023,24,N,12
PRD0891,NovaMed_891,Neurology,4643.6,Nova,NovaCure Pharma,20mg,Tablet,2025,24,N,12
PRD0892,NovaMed_892,Neurology,1619.33,LifePlus,NovaCure Pharma,500mg,Capsule,2015,24,Y,12
PRD0893,NovaMed_893,Pain Relief,1816.47,Nova,NovaCure Pharma,250mg,Syrup,2021,24,N,12
PRD0894,NovaMed_894,Diabetes,1328.56,Nova,NovaCure Pharma,500mg,Tablet,2022,24,N,12
PRD0895,NovaMed_895,Cardiology,4801.56,LifePlus,NovaCure Pharma,500mg,Capsule,2021,24,Y,12
PRD0896,NovaMed_896,Diabetes,311.58,Nova,NovaCure Pharma,20mg,Capsule,2022,24,N,12
PRD0897,NovaMed_897,Diabetes,7560.44,Nova,NovaCure Pharma,250mg,Capsule,2015,24,N,12
PRD0898,NovaMed_898,Cardiology,3847.2,LifePlus,NovaCure Pharma,250mg,Capsule,2023,24,N,12
PRD0899,NovaMed_899,Diabetes,4854.45,LifePlus,NovaCure Pharma,500mg,Syrup,2025,24,Y,12
PRD0900,NovaMed_900,Neurology,1852.41,Nova,NovaCure Pharma,250mg,Tablet,2021,24,N,12
PRD0901,NovaMed_901,Diabetes,760.7,Nova,NovaCure Pharma,250mg,Tablet,2017,24,Y,12
PRD0902,NovaMed_902,Diabetes,2793.8,Nova,NovaCure Pharma,20mg,Capsule,2023,24,N,12
PRD0903,NovaMed_903,Oncology,306.71,CureX,NovaCure Pharma,500mg,Capsule,2016,24,Y,12
PRD0904,NovaMed_904,Pain Relief,7858.55,Nova,NovaCure Pharma,250mg,Capsule,2023,24,Y,12
PRD0905,NovaMed_905,Cardiology,3159.16,LifePlus,NovaCure Pharma,250mg,Capsule,2020,24,N,12
PRD0906,NovaMed_906,Diabetes,1024.42,Nova,NovaCure Pharma,20mg,Syrup,2017,24,N,12
PRD0907,NovaMed_907,Pain Relief,4797.02,LifePlus,NovaCure Pharma,250mg,Syrup,2022,24,N,12
PRD0908,NovaMed_908,Pain Relief,7059.39,CureX,NovaCure Pharma,20mg,Tablet,2019,24,Y,12
PRD0909,NovaMed_909,Diabetes,7770.02,Nova,NovaCure Pharma,500mg,Capsule,2024,24,N,12
PRD0910,NovaMed_910,Cardiology,2490.75,CureX,NovaCure Pharma,250mg,Capsule,2023,24,Y,12
PRD0911,NovaMed_911,Cardiology,2203.85,CureX,NovaCure Pharma,250mg,Tablet,2017,24,N,12
PRD0912,NovaMed_912,Pain Relief,3636.33,CureX,NovaCure Pharma,250mg,Capsule,2018,24,Y,12
PRD0913,NovaMed_913,Neurology,3668.29,Nova,NovaCure Pharma,500mg,Capsule,2017,24,N,12
PRD0914,NovaMed_914,Oncology,4128.95,CureX,NovaCure Pharma,500mg,Syrup,2015,24,N,12
PRD0915,NovaMed_915,Neurology,4034.04,Nova,NovaCure Pharma,20mg,Tablet,2019,24,N,12
PRD0916,NovaMed_916,Neurology,4073.74,CureX,NovaCure Pharma,20mg,Tablet,2016,24,Y,12
PRD0917,NovaMed_917,Pain Relief,5352.79,LifePlus,NovaCure Pharma,250mg,Syrup,2021,24,Y,12
PRD0918,NovaMed_918,Respiratory,7394.69,Nova,NovaCure Pharma,500mg,Capsule,2017,24,N,12
PRD0919,NovaMed_919,Neurology,3772.46,Nova,NovaCure Pharma,20mg,Tablet,2020,24,N,12
PRD0920,NovaMed_920,Oncology,3677.62,CureX,NovaCure Pharma,500mg,Tablet,2025,24,Y,12
PRD0921,NovaMed_921,Cardiology,3501.36,LifePlus,NovaCure Pharma,250mg,Syrup,2022,24,Y,12
PRD0922,NovaMed_922,Neurology,574.77,CureX,NovaCure Pharma,20mg,Tablet,2016,24,Y,12
PRD0923,NovaMed_923,Cardiology,7272.54,LifePlus,NovaCure Pharma,20mg,Tablet,2018,24,Y,12
PRD0924,NovaMed_924,Cardiology,7066.9,Nova,NovaCure Pharma,500mg,Capsule,2022,24,Y,12
PRD0925,NovaMed_925,Pain Relief,1594.16,Nova,NovaCure Pharma,20mg,Tablet,2019,24,N,12
PRD0926,NovaMed_926,Diabetes,2566.29,CureX,NovaCure Pharma,500mg,Tablet,2020,24,Y,12
PRD0927,NovaMed_927,Diabetes,5671.1,Nova,NovaCure Pharma,250mg,Tablet,2019,24,N,12
PRD0928,NovaMed_928,Respiratory,3393.57,CureX,NovaCure Pharma,250mg,Syrup,2018,24,N,12
PRD0929,NovaMed_929,Diabetes,5646.81,LifePlus,NovaCure Pharma,250mg,Tablet,2018,24,N,12
PRD0930,NovaMed_930,Diabetes,422.55,LifePlus,NovaCure Pharma,20mg,Syrup,2015,24,N,12
PRD0931,NovaMed_931,Respiratory,3531.89,LifePlus,NovaCure Pharma,500mg,Capsule,2019,24,Y,12
PRD0932,NovaMed_932,Diabetes,4420.52,Nova,NovaCure Pharma,250mg,Syrup,2021,24,Y,12
PRD0933,NovaMed_933,Neurology,7504.14,CureX,NovaCure Pharma,20mg,Tablet,2025,24,Y,12
PRD0934,NovaMed_934,Pain Relief,2726.67,CureX,NovaCure Pharma,20mg,Capsule,2020,24,N,12
PRD0935,NovaMed_935,Respiratory,5983.11,CureX,NovaCure Pharma,20mg,Capsule,2023,24,N,12
PRD0936,NovaMed_936,Diabetes,2280.89,Nova,NovaCure Pharma,20mg,Tablet,2017,24,Y,12
PRD0937,NovaMed_937,Oncology,2688.33,Nova,NovaCure Pharma,20mg,Capsule,2022,24,Y,12
PRD0938,NovaMed_938,Oncology,2314.48,LifePlus,NovaCure Pharma,500mg,Capsule,2018,24,N,12
PRD0939,NovaMed_939,Respiratory,3850.94,Nova,NovaCure Pharma,20mg,Capsule,2018,24,N,12
PRD0940,NovaMed_940,Neurology,1566.11,Nova,NovaCure Pharma,250mg,Tablet,2024,24,N,12
PRD0941,NovaMed_941,Neurology,5091.91,LifePlus,NovaCure Pharma,500mg,Syrup,2021,24,N,12
PRD0942,NovaMed_942,Neurology,3711.94,LifePlus,NovaCure Pharma,500mg,Capsule,2022,24,Y,12
PRD0943,NovaMed_943,Cardiology,6122.84,CureX,NovaCure Pharma,20mg,Capsule,2020,24,Y,12
PRD0944,NovaMed_944,Neurology,6079.98,CureX,NovaCure Pharma,250mg,Tablet,2017,24,Y,12
PRD0945,NovaMed_945,Oncology,3422.71,LifePlus,NovaCure Pharma,20mg,Tablet,2018,24,N,12
PRD0946,NovaMed_946,Diabetes,5378.24,CureX,NovaCure Pharma,20mg,Syrup,2023,24,Y,12
PRD0947,NovaMed_947,Pain Relief,5511.98,Nova,NovaCure Pharma,250mg,Syrup,2017,24,N,12
PRD0948,NovaMed_948,Respiratory,1577.8,LifePlus,NovaCure Pharma,20mg,Syrup,2024,24,N,12
PRD0949,NovaMed_949,Oncology,7695.98,LifePlus,NovaCure Pharma,250mg,Capsule,2024,24,N,12
PRD0950,NovaMed_950,Respiratory,6269.29,CureX,NovaCure Pharma,20mg,Syrup,2018,24,N,12
PRD0951,NovaMed_951,Cardiology,2115.03,Nova,NovaCure Pharma,250mg,Syrup,2015,24,Y,12
PRD0952,NovaMed_952,Respiratory,830.96,CureX,NovaCure Pharma,20mg,Tablet,2018,24,N,12
PRD0953,NovaMed_953,Cardiology,7433.86,CureX,NovaCure Pharma,250mg,Syrup,2024,24,Y,12
PRD0954,NovaMed_954,Pain Relief,1034.55,LifePlus,NovaCure Pharma,250mg,Capsule,2022,24,Y,12
PRD0955,NovaMed_955,Pain Relief,4088.79,Nova,NovaCure Pharma,250mg,Capsule,2023,24,Y,12
PRD0956,NovaMed_956,Cardiology,6625.59,CureX,NovaCure Pharma,500mg,Syrup,2022,24,N,12
PRD0957,NovaMed_957,Diabetes,1751.8,Nova,NovaCure Pharma,20mg,Syrup,2025,24,N,12
PRD0958,NovaMed_958,Cardiology,3853.05,LifePlus,NovaCure Pharma,20mg,Tablet,2018,24,Y,12
PRD0959,NovaMed_959,Cardiology,1535.91,Nova,NovaCure Pharma,500mg,Tablet,2024,24,Y,12
PRD0960,NovaMed_960,Cardiology,494.04,LifePlus,NovaCure Pharma,20mg,Capsule,2018,24,N,12
PRD0961,NovaMed_961,Cardiology,2540.42,LifePlus,NovaCure Pharma,500mg,Tablet,2016,24,Y,12
PRD0962,NovaMed_962,Pain Relief,5363.56,CureX,NovaCure Pharma,250mg,Capsule,2023,24,Y,12
PRD0963,NovaMed_963,Oncology,7233.04,CureX,NovaCure Pharma,250mg,Syrup,2023,24,Y,12
PRD0964,NovaMed_964,Cardiology,2534.31,CureX,NovaCure Pharma,20mg,Syrup,2023,24,Y,12
PRD0965,NovaMed_965,Neurology,966.95,LifePlus,NovaCure Pharma,20mg,Capsule,2018,24,N,12
PRD0966,NovaMed_966,Respiratory,1797.79,Nova,NovaCure Pharma,20mg,Tablet,2016,24,N,12
PRD0967,NovaMed_967,Oncology,897.63,CureX,NovaCure Pharma,250mg,Tablet,2025,24,Y,12
PRD0968,NovaMed_968,Pain Relief,5363.36,Nova,NovaCure Pharma,250mg,Capsule,2015,24,N,12
PRD0969,NovaMed_969,Cardiology,3891.69,Nova,NovaCure Pharma,500mg,Syrup,2022,24,N,12
PRD0970,NovaMed_970,Oncology,3779.03,LifePlus,NovaCure Pharma,250mg,Capsule,2022,24,N,12
PRD0971,NovaMed_971,Diabetes,5683.11,LifePlus,NovaCure Pharma,20mg,Capsule,2020,24,Y,12
PRD0972,NovaMed_972,Diabetes,2355.89,Nova,NovaCure Pharma,20mg,Syrup,2025,24,N,12
PRD0973,NovaMed_973,Pain Relief,5580.55,Nova,NovaCure Pharma,250mg,Capsule,2021,24,N,12
PRD0974,NovaMed_974,Oncology,5324.98,CureX,NovaCure Pharma,250mg,Capsule,2022,24,N,12
PRD0975,NovaMed_975,Neurology,7889.43,Nova,NovaCure Pharma,20mg,Tablet,2016,24,N,12
PRD0976,NovaMed_976,Neurology,5193.21,LifePlus,NovaCure Pharma,500mg,Syrup,2015,24,N,12
PRD0977,NovaMed_977,Cardiology,746.47,CureX,NovaCure Pharma,500mg,Capsule,2019,24,Y,12
PRD0978,NovaMed_978,Oncology,1908.59,Nova,NovaCure Pharma,250mg,Tablet,2025,24,N,12
PRD0979,NovaMed_979,Neurology,6069.81,LifePlus,NovaCure Pharma,500mg,Capsule,2023,24,N,12
PRD0980,NovaMed_980,Pain Relief,2861.59,Nova,NovaCure Pharma,500mg,Tablet,2018,24,N,12
PRD0981,NovaMed_981,Pain Relief,6411.32,LifePlus,NovaCure Pharma,20mg,Capsule,2019,24,Y,12
PRD0982,NovaMed_982,Diabetes,7097.01,LifePlus,NovaCure Pharma,20mg,Syrup,2015,24,Y,12
PRD0983,NovaMed_983,Diabetes,7596.44,CureX,NovaCure Pharma,250mg,Tablet,2019,24,Y,12
PRD0984,NovaMed_984,Cardiology,5507.53,Nova,NovaCure Pharma,20mg,Syrup,2016,24,Y,12
PRD0985,NovaMed_985,Cardiology,3041.49,Nova,NovaCure Pharma,250mg,Syrup,2021,24,Y,12
PRD0986,NovaMed_986,Cardiology,5061.08,Nova,NovaCure Pharma,250mg,Syrup,2024,24,Y,12
PRD0987,NovaMed_987,Respiratory,5829.28,LifePlus,NovaCure Pharma,500mg,Syrup,2021,24,N,12
PRD0988,NovaMed_988,Pain Relief,5462.96,CureX,NovaCure Pharma,20mg,Capsule,2025,24,N,12
PRD0989,NovaMed_989,Cardiology,2658.11,Nova,NovaCure Pharma,250mg,Syrup,2023,24,N,12
PRD0990,NovaMed_990,Diabetes,3562.51,Nova,NovaCure Pharma,500mg,Capsule,2024,24,N,12
PRD0991,NovaMed_991,Respiratory,6040.35,Nova,NovaCure Pharma,20mg,Tablet,2016,24,Y,12
PRD0992,NovaMed_992,Cardiology,1099.63,Nova,NovaCure Pharma,250mg,Syrup,2015,24,Y,12
PRD0993,NovaMed_993,Cardiology,3369.16,LifePlus,NovaCure Pharma,500mg,Capsule,2019,24,Y,12
PRD0994,NovaMed_994,Cardiology,399.7,LifePlus,NovaCure Pharma,250mg,Tablet,2017,24,Y,12
PRD0995,NovaMed_995,Diabetes,7564.91,CureX,NovaCure Pharma,20mg,Syrup,2016,24,Y,12
PRD0996,NovaMed_996,Oncology,1184.7,CureX,NovaCure Pharma,20mg,Tablet,2019,24,N,12
PRD0997,NovaMed_997,Cardiology,5280.66,CureX,NovaCure Pharma,500mg,Capsule,2019,24,N,12
PRD0998,NovaMed_998,Oncology,1471.26,Nova,NovaCure Pharma,500mg,Syrup,2015,24,Y,12
PRD0999,NovaMed_999,Cardiology,3165.98,Nova,NovaCure Pharma,20mg,Capsule,2024,24,Y,12
PRD1000,NovaMed_1000,Pain Relief,1550.3,Nova,NovaCure Pharma,250mg,Capsule,2020,24,Y,12
